review_id,farm_name,normalized_name,decision,evidence_grade,verified_entity_type,county_equivalent,city,postal_code,products,business_types,website_url,source_url,retrieved_date,decision_basis,notes,target_normalized_name,exclusion_reason,supersedes_review_id
georeview_9c045cf0b4358956e4b4,ACE Basin Growers / ACE Food Hub,ace basin growers ace food hub,correct,B,farm_or_agricultural_business,Orangeburg,Orangeburg,,farmers-market,farm or agricultural business,,https://www2.census.gov/geo/docs/reference/codes2020/national_place_by_county2020.txt,2026-07-17,The Census national place-by-county reference places Orangeburg wholly within Orangeburg (45075); the county geography blocker is resolved without changing operation evidence.,Draft only; a curator must apply this decision with its paired entity patch.,,,
georeview_4e89477287b6ad212dc8,Aiken County Farmers Market,aiken county farmers market,correct,B,farm_or_agricultural_business,Aiken,Aiken,,farmers-market,farm or agricultural business,,https://www2.census.gov/geo/docs/reference/codes2020/national_place_by_county2020.txt,2026-07-17,The Census national place-by-county reference places Aiken wholly within Aiken (45003); the county geography blocker is resolved without changing operation evidence.,Draft only; a curator must apply this decision with its paired entity patch.,,,
georeview_76c576c0caf3443d0fcd,Ambert Farm,ambert farm,correct,B,farm_or_agricultural_business,Sumter,Dalzell,,"agritourism; farm-stand, organic; 2024 assumed permanently closed 2885 Steeplechase Dr., Dalzell, SC 29040. Phone: (803) 520-8815. Fax: 8034452260. Email: admin@ambertfarm.com . Open: UPDATE for 2024, Their website is gone; There's nothing else current about them on the internet, so I assume they have closed. If you have any information to the contrary, please write me . Monday to Friday from 9 am to 6 pm; Saturday and Sunday 10 am to 6 pm. . Click here for our Facebook page . Uses natural growing practices , beans, beets, broccoli, carrots, corn (sweet), cucumbers, eggplants, peas, pumpkins, rhubarb, summer squash, winter squash, tomatoes, other vegetables, watermelons, Turkeys (organic, not-hormone-fed), Fresh eggs, farm animals (ADDED: March 17, 2021)",farm or agricultural business,,https://www2.census.gov/geo/docs/reference/codes2020/national_place_by_county2020.txt,2026-07-17,The Census national place-by-county reference places Dalzell wholly within Sumter (45085); the county geography blocker is resolved without changing operation evidence.,Draft only; a curator must apply this decision with its paired entity patch.,,,
georeview_37a6e2cce77b69052018,Ammons Cattle Farm,ammons cattle farm,correct,B,farm_or_agricultural_business,Horry,Conway,,livestock,farm or agricultural business,,https://www2.census.gov/geo/docs/reference/codes2020/national_place_by_county2020.txt,2026-07-17,The Census national place-by-county reference places Conway wholly within Horry (45051); the county geography blocker is resolved without changing operation evidence.,Draft only; a curator must apply this decision with its paired entity patch.,,,
georeview_3a9dd25fc4b632f8de4e,Anderson Farms,anderson farms,correct,B,farm_or_agricultural_business,Horry,Conway,,agritourism,farm or agricultural business,,https://www2.census.gov/geo/docs/reference/codes2020/national_place_by_county2020.txt,2026-07-17,The Census national place-by-county reference places Conway wholly within Horry (45051); the county geography blocker is resolved without changing operation evidence.,Draft only; a curator must apply this decision with its paired entity patch.,,,
georeview_71d4706c346f6dad5f66,Anderson Vineyards,anderson vineyards,correct,B,farm_or_agricultural_business,Spartanburg,Pauline,,farm-stand; agritourism,farm or agricultural business,,https://www2.census.gov/geo/docs/reference/codes2020/national_place_by_county2020.txt,2026-07-17,The Census national place-by-county reference places Pauline wholly within Spartanburg (45083); the county geography blocker is resolved without changing operation evidence.,Draft only; a curator must apply this decision with its paired entity patch.,,,
georeview_6b8f80f67d87e016fc57,Antreville Farms and Flowers,antreville farms and flowers,correct,B,farm_or_agricultural_business,Anderson,Iva,,"agritourism, flowers",farm or agricultural business,,https://www2.census.gov/geo/docs/reference/codes2020/national_place_by_county2020.txt,2026-07-17,The Census national place-by-county reference places Iva wholly within Anderson (45007); the county geography blocker is resolved without changing operation evidence.,Draft only; a curator must apply this decision with its paired entity patch.,,,
georeview_5adadc6e5f7bf68ade91,Arant's Farm Fresh Produce,arants farm fresh produce,correct,B,farm_or_agricultural_business,Orangeburg,Orangeburg,,"agritourism, produce",farm or agricultural business,,https://www2.census.gov/geo/docs/reference/codes2020/national_place_by_county2020.txt,2026-07-17,The Census national place-by-county reference places Orangeburg wholly within Orangeburg (45075); the county geography blocker is resolved without changing operation evidence.,Draft only; a curator must apply this decision with its paired entity patch.,,,
georeview_0f686781ae5662af03b4,Autumn Farm and Vineyard,autumn farm and vineyard,correct,B,farm_or_agricultural_business,Cherokee,Gaffney,,agritourism,farm or agricultural business,,https://www2.census.gov/geo/docs/reference/codes2020/national_place_by_county2020.txt,2026-07-17,The Census national place-by-county reference places Gaffney wholly within Cherokee (45021); the county geography blocker is resolved without changing operation evidence.,Draft only; a curator must apply this decision with its paired entity patch.,,,
georeview_b83391089933e74b15c1,Bamberg Farmers Market,bamberg farmers market,correct,B,farm_or_agricultural_business,Bamberg,Bamberg,,farmers-market,farm or agricultural business,,https://www2.census.gov/geo/docs/reference/codes2020/national_place_by_county2020.txt,2026-07-17,The Census national place-by-county reference places Bamberg wholly within Bamberg (45009); the county geography blocker is resolved without changing operation evidence.,Draft only; a curator must apply this decision with its paired entity patch.,,,
georeview_59ddef324d43f9018f82,Barefoot Farms of Belton,barefoot farms of belton,correct,B,farm_or_agricultural_business,Anderson,Belton,,"farm-stand; UPDATE for 2020, Their website or Facebook page says they no longer offer Pick-your-own Belton, SC 29627. Sorry we have removed the you-pick option from our farm due to insurance company policies. (UPDATED: June 19, 2020)",farm or agricultural business,,https://www2.census.gov/geo/docs/reference/codes2020/national_place_by_county2020.txt,2026-07-17,The Census national place-by-county reference places Belton wholly within Anderson (45007); the county geography blocker is resolved without changing operation evidence.,Draft only; a curator must apply this decision with its paired entity patch.,,,
georeview_e7bbb10d048f6a45f683,Barnwell Farmers' Market,barnwell farmers market,correct,B,farm_or_agricultural_business,Barnwell,Barnwell,,farmers-market,farm or agricultural business,,https://www2.census.gov/geo/docs/reference/codes2020/national_place_by_county2020.txt,2026-07-17,The Census national place-by-county reference places Barnwell wholly within Barnwell (45011); the county geography blocker is resolved without changing operation evidence.,Draft only; a curator must apply this decision with its paired entity patch.,,,
georeview_4c8d4ffa6631e8d1211f,Baxley Farms Produce Country Market,baxley farms produce country market,correct,B,farm_or_agricultural_business,Marion,Marion,,"farm-stand, produce",farm or agricultural business,,https://www2.census.gov/geo/docs/reference/codes2020/national_place_by_county2020.txt,2026-07-17,The Census national place-by-county reference places Marion wholly within Marion (45067); the county geography blocker is resolved without changing operation evidence.,Draft only; a curator must apply this decision with its paired entity patch.,,,
georeview_f92ab76fdb6a20bb775d,Bee City Zoo & Honey Bee Farm,bee city zoo and honey bee farm,correct,B,farm_or_agricultural_business,Colleton,Cottageville,,honey,farm or agricultural business,,https://www2.census.gov/geo/docs/reference/codes2020/national_place_by_county2020.txt,2026-07-17,The Census national place-by-county reference places Cottageville wholly within Colleton (45029); the county geography blocker is resolved without changing operation evidence.,Draft only; a curator must apply this decision with its paired entity patch.,,,
georeview_245cef6ea49f242cf40c,Bee Well Honey,bee well honey,correct,B,farm_or_agricultural_business,Pickens,Pickens,,"agritourism, honey",farm or agricultural business,,https://www2.census.gov/geo/docs/reference/codes2020/national_place_by_county2020.txt,2026-07-17,The Census national place-by-county reference places Pickens wholly within Pickens (45077); the county geography blocker is resolved without changing operation evidence.,Draft only; a curator must apply this decision with its paired entity patch.,,,
georeview_46cf83b109d9dadcde6b,Bell Farms Strawberry Patch,bell farms strawberry patch,correct,B,farm_or_agricultural_business,Saluda,Ward,,"agritourism, produce",farm or agricultural business,,https://www2.census.gov/geo/docs/reference/codes2020/national_place_by_county2020.txt,2026-07-17,The Census national place-by-county reference places Ward wholly within Saluda (45081); the county geography blocker is resolved without changing operation evidence.,Draft only; a curator must apply this decision with its paired entity patch.,,,
georeview_d38eacfe3c0b5354b5dd,Bellamy Farms,bellamy farms,correct,B,farm_or_agricultural_business,Horry,Loris,,farm-stand,farm or agricultural business,,https://www2.census.gov/geo/docs/reference/codes2020/national_place_by_county2020.txt,2026-07-17,The Census national place-by-county reference places Loris wholly within Horry (45051); the county geography blocker is resolved without changing operation evidence.,Draft only; a curator must apply this decision with its paired entity patch.,,,
georeview_57ec945fc7beb94bbbd5,Bellews Country Store,bellews country store,correct,B,farm_or_agricultural_business,Spartanburg,Spartanburg,,,farm or agricultural business,,https://www2.census.gov/geo/docs/reference/codes2020/national_place_by_county2020.txt,2026-07-17,The Census national place-by-county reference places Spartanburg wholly within Spartanburg (45083); the county geography blocker is resolved without changing operation evidence.,Draft only; a curator must apply this decision with its paired entity patch.,,,
georeview_5c5dcd1923cfde4b5fec,Belue Farms Natural Market,belue farms natural market,correct,B,farm_or_agricultural_business,Spartanburg,Boiling Springs,,farm-stand,farm or agricultural business,,https://www2.census.gov/geo/docs/reference/codes2020/national_place_by_county2020.txt,2026-07-17,The Census national place-by-county reference places Boiling Springs wholly within Spartanburg (45083); the county geography blocker is resolved without changing operation evidence.,Draft only; a curator must apply this decision with its paired entity patch.,,,
georeview_a2bb3c5cf8bd629d2b18,Blueberry Hill - Travelers Rest,blueberry hill travelers rest,correct,B,farm_or_agricultural_business,Greenville,Travelers Rest,,"agritourism, produce",farm or agricultural business,,https://www2.census.gov/geo/docs/reference/codes2020/national_place_by_county2020.txt,2026-07-17,The Census national place-by-county reference places Travelers Rest wholly within Greenville (45045); the county geography blocker is resolved without changing operation evidence.,Draft only; a curator must apply this decision with its paired entity patch.,,,
georeview_67af3808f1b071d6259b,Bohica Pepper Hut,bohica pepper hut,correct,B,farm_or_agricultural_business,Greenville,MAULDIN,,"farm-stand, organic",farm or agricultural business,,https://www2.census.gov/geo/docs/reference/codes2020/national_place_by_county2020.txt,2026-07-17,The Census national place-by-county reference places MAULDIN wholly within Greenville (45045); the county geography blocker is resolved without changing operation evidence.,Draft only; a curator must apply this decision with its paired entity patch.,,,
georeview_7b3e299eb31e4c072d2c,Bonnie Bay Blueberry Farm,bonnie bay blueberry farm,correct,B,farm_or_agricultural_business,Horry,Loris,,"agritourism, produce",farm or agricultural business,,https://www2.census.gov/geo/docs/reference/codes2020/national_place_by_county2020.txt,2026-07-17,The Census national place-by-county reference places Loris wholly within Horry (45051); the county geography blocker is resolved without changing operation evidence.,Draft only; a curator must apply this decision with its paired entity patch.,,,
georeview_d502a4f92ea07b78a4b9,Booger Jim's Hollow Haunted House,booger jims hollow haunted house,correct,B,farm_or_agricultural_business,Cherokee,Blacksburg,,agritourism,farm or agricultural business,,https://www2.census.gov/geo/docs/reference/codes2020/national_place_by_county2020.txt,2026-07-17,The Census national place-by-county reference places Blacksburg wholly within Cherokee (45021); the county geography blocker is resolved without changing operation evidence.,Draft only; a curator must apply this decision with its paired entity patch.,,,
georeview_4378cf02059a0efe5834,Boy Scout Troop 815,boy scout troop 815,correct,B,farm_or_agricultural_business,Lexington,Chapin,,agritourism,farm or agricultural business,,https://www2.census.gov/geo/docs/reference/codes2020/national_place_by_county2020.txt,2026-07-17,The Census national place-by-county reference places Chapin wholly within Lexington (45063); the county geography blocker is resolved without changing operation evidence.,Draft only; a curator must apply this decision with its paired entity patch.,,,
georeview_8baebfdb426cea583fc2,BRICK CSLT LLC,brick cslt,correct,B,farm_or_agricultural_business,Hampton,Luray,,agritourism,farm or agricultural business,,https://www2.census.gov/geo/docs/reference/codes2020/national_place_by_county2020.txt,2026-07-17,The Census national place-by-county reference places Luray wholly within Hampton (45049); the county geography blocker is resolved without changing operation evidence.,Draft only; a curator must apply this decision with its paired entity patch.,,,
georeview_6f8684271cdea6167ccc,Broad River Exchange,broad river exchange,correct,B,farm_or_agricultural_business,Beaufort,Beaufort,,,farm or agricultural business,,https://www2.census.gov/geo/docs/reference/codes2020/national_place_by_county2020.txt,2026-07-17,The Census national place-by-county reference places Beaufort wholly within Beaufort (45013); the county geography blocker is resolved without changing operation evidence.,Draft only; a curator must apply this decision with its paired entity patch.,,,
georeview_f0f4e10cb35ad82ee030,Broughton U-Pick,broughton u pick,correct,B,farm_or_agricultural_business,Sumter,Sumter,,"agritourism, u-pick",farm or agricultural business,,https://www2.census.gov/geo/docs/reference/codes2020/national_place_by_county2020.txt,2026-07-17,The Census national place-by-county reference places Sumter wholly within Sumter (45085); the county geography blocker is resolved without changing operation evidence.,Draft only; a curator must apply this decision with its paired entity patch.,,,
georeview_0b8a49f4603aab2a2bc5,Bush-N-Vine,bush n vine,correct,B,farm_or_agricultural_business,York,Clover,,farm-stand; agritourism,farm or agricultural business,,https://www2.census.gov/geo/docs/reference/codes2020/national_place_by_county2020.txt,2026-07-17,The Census national place-by-county reference places Clover wholly within York (45091); the county geography blocker is resolved without changing operation evidence.,Draft only; a curator must apply this decision with its paired entity patch.,,,
georeview_0da0bf1dba02f3ab7aa0,Campbell's Corner,campbells corner,correct,B,farm_or_agricultural_business,Clarendon,Summerton,,agritourism,farm or agricultural business,,https://www2.census.gov/geo/docs/reference/codes2020/national_place_by_county2020.txt,2026-07-17,The Census national place-by-county reference places Summerton wholly within Clarendon (45027); the county geography blocker is resolved without changing operation evidence.,Draft only; a curator must apply this decision with its paired entity patch.,,,
georeview_58755c380d89987b6a43,Cannon Bridge Road Strawberries,cannon bridge road strawberries,correct,B,farm_or_agricultural_business,Orangeburg,Orangeburg,,"agritourism, produce",farm or agricultural business,,https://www2.census.gov/geo/docs/reference/codes2020/national_place_by_county2020.txt,2026-07-17,The Census national place-by-county reference places Orangeburg wholly within Orangeburg (45075); the county geography blocker is resolved without changing operation evidence.,Draft only; a curator must apply this decision with its paired entity patch.,,,
georeview_520fc455c08e02032bc4,Carolina Grassfed Beef,carolina grassfed beef,correct,B,farm_or_agricultural_business,Anderson,Anderson,,"meat, eggs, produce, livestock",farm or agricultural business,,https://www2.census.gov/geo/docs/reference/codes2020/national_place_by_county2020.txt,2026-07-17,The Census national place-by-county reference places Anderson wholly within Anderson (45007); the county geography blocker is resolved without changing operation evidence.,Draft only; a curator must apply this decision with its paired entity patch.,,,
georeview_b6514744e0386356f254,Carolina Grassfed Beef and Free-Range Eggs,carolina grassfed beef and free range eggs,correct,B,farm_or_agricultural_business,Anderson,Anderson,29626,"grass-fed meat, eggs, dairy",farm or agricultural business,http://www.carolinagrassfedbeef.com,https://www2.census.gov/geo/docs/reference/codes2020/national_place_by_county2020.txt,2026-07-17,The Census national place-by-county reference places Anderson wholly within Anderson (45007); the county geography blocker is resolved without changing operation evidence.,Draft only; a curator must apply this decision with its paired entity patch.,,,
georeview_2a0b63ea0a00d821ee28,Carolina Pride Pastures,carolina pride pastures,correct,B,farm_or_agricultural_business,Newberry,Pomaria,,agritourism,farm or agricultural business,,https://www2.census.gov/geo/docs/reference/codes2020/national_place_by_county2020.txt,2026-07-17,The Census national place-by-county reference places Pomaria wholly within Newberry (45071); the county geography blocker is resolved without changing operation evidence.,Draft only; a curator must apply this decision with its paired entity patch.,,,
georeview_7c564cd77330ebe0598b,Catawba Farm and Food Coalition,catawba farm and food coalition,correct,B,farm_or_agricultural_business,Chester,Chester,,farmers-market,farm or agricultural business,,https://www2.census.gov/geo/docs/reference/codes2020/national_place_by_county2020.txt,2026-07-17,The Census national place-by-county reference places Chester wholly within Chester (45023); the county geography blocker is resolved without changing operation evidence.,Draft only; a curator must apply this decision with its paired entity patch.,,,
georeview_9081956edb9e4679bf19,Cheraw Farmers' Market,cheraw farmers market,correct,B,farm_or_agricultural_business,Chesterfield,Cheraw,,farmers-market,farm or agricultural business,,https://www2.census.gov/geo/docs/reference/codes2020/national_place_by_county2020.txt,2026-07-17,The Census national place-by-county reference places Cheraw wholly within Chesterfield (45025); the county geography blocker is resolved without changing operation evidence.,Draft only; a curator must apply this decision with its paired entity patch.,,,
georeview_b8030839496d700e611d,Chester Farmers' and Artisan Market,chester farmers and artisan market,correct,B,farm_or_agricultural_business,Chester,Chester,,farmers-market,farm or agricultural business,,https://www2.census.gov/geo/docs/reference/codes2020/national_place_by_county2020.txt,2026-07-17,The Census national place-by-county reference places Chester wholly within Chester (45023); the county geography blocker is resolved without changing operation evidence.,Draft only; a curator must apply this decision with its paired entity patch.,,,
georeview_e2db7fa5fc72bdeb2d71,City Center Farmers Market,city center farmers market,correct,B,farm_or_agricultural_business,Florence,Florence,,farmers-market,farm or agricultural business,,https://www2.census.gov/geo/docs/reference/codes2020/national_place_by_county2020.txt,2026-07-17,The Census national place-by-county reference places Florence wholly within Florence (45041); the county geography blocker is resolved without changing operation evidence.,Draft only; a curator must apply this decision with its paired entity patch.,,,
georeview_942ad31c35436c2b454b,"Coble Family Farm, LLC",coble family farm,correct,B,farm_or_agricultural_business,Lexington,West Columbia,,agritourism,farm or agricultural business,,https://www2.census.gov/geo/docs/reference/codes2020/national_place_by_county2020.txt,2026-07-17,The Census national place-by-county reference places West Columbia wholly within Lexington (45063); the county geography blocker is resolved without changing operation evidence.,Draft only; a curator must apply this decision with its paired entity patch.,,,
georeview_55045bed9d798dcbc71c,Colleton Farmers' Market,colleton farmers market,correct,B,farm_or_agricultural_business,Colleton,Walterboro,,farmers-market,farm or agricultural business,,https://www2.census.gov/geo/docs/reference/codes2020/national_place_by_county2020.txt,2026-07-17,The Census national place-by-county reference places Walterboro wholly within Colleton (45029); the county geography blocker is resolved without changing operation evidence.,Draft only; a curator must apply this decision with its paired entity patch.,,,
georeview_4b015a3824bf520a0681,Conway Farmers Market,conway farmers market,correct,B,farm_or_agricultural_business,Horry,Conway,,farmers-market,farm or agricultural business,,https://www2.census.gov/geo/docs/reference/codes2020/national_place_by_county2020.txt,2026-07-17,The Census national place-by-county reference places Conway wholly within Horry (45051); the county geography blocker is resolved without changing operation evidence.,Draft only; a curator must apply this decision with its paired entity patch.,,,
georeview_1fa3445ac80f34cb2c46,Cordray's Processing and Taxidermy,cordrays processing and taxidermy,correct,B,farm_or_agricultural_business,Charleston,Ravenel,,"meat, farm-stand, livestock",farm or agricultural business,,https://www2.census.gov/geo/docs/reference/codes2020/national_place_by_county2020.txt,2026-07-17,The Census national place-by-county reference places Ravenel wholly within Charleston (45019); the county geography blocker is resolved without changing operation evidence.,Draft only; a curator must apply this decision with its paired entity patch.,,,
georeview_5fbefd8c5151af227b42,Cottle Strawberry Farm,cottle strawberry farm,correct,B,farm_or_agricultural_business,Florence,Florence,,"agritourism, produce; agritourism",farm or agricultural business,,https://www2.census.gov/geo/docs/reference/codes2020/national_place_by_county2020.txt,2026-07-17,The Census national place-by-county reference places Florence wholly within Florence (45041); the county geography blocker is resolved without changing operation evidence.,Draft only; a curator must apply this decision with its paired entity patch.,,,
georeview_77a24167910f00739305,Country Gardens Farm Market,country gardens farm market,correct,B,farm_or_agricultural_business,Dillon,Lake View,,farm-stand,farm or agricultural business,,https://www2.census.gov/geo/docs/reference/codes2020/national_place_by_county2020.txt,2026-07-17,The Census national place-by-county reference places Lake View wholly within Dillon (45033); the county geography blocker is resolved without changing operation evidence.,Draft only; a curator must apply this decision with its paired entity patch.,,,
georeview_da6015ce3620788ff89a,Crescent Moon Farms,crescent moon farms,correct,B,farm_or_agricultural_business,Aiken,Aiken,,csa,farm or agricultural business,,https://www2.census.gov/geo/docs/reference/codes2020/national_place_by_county2020.txt,2026-07-17,The Census national place-by-county reference places Aiken wholly within Aiken (45003); the county geography blocker is resolved without changing operation evidence.,Draft only; a curator must apply this decision with its paired entity patch.,,,
georeview_aaac9fd507a5fd2f4b0d,Cypress Center Farmers' Market at Clarendon...,cypress center farmers market at clarendon,correct,B,farm_or_agricultural_business,Clarendon,Manning,,farmers-market,farm or agricultural business,,https://www2.census.gov/geo/docs/reference/codes2020/national_place_by_county2020.txt,2026-07-17,The Census national place-by-county reference places Manning wholly within Clarendon (45027); the county geography blocker is resolved without changing operation evidence.,Draft only; a curator must apply this decision with its paired entity patch.,,,
georeview_ceb28225f6677136e7ed,Downtown Farmers' Market,downtown farmers market,correct,B,farm_or_agricultural_business,Florence,Florence,,farmers-market,farm or agricultural business,,https://www2.census.gov/geo/docs/reference/codes2020/national_place_by_county2020.txt,2026-07-17,The Census national place-by-county reference places Florence wholly within Florence (45041); the county geography blocker is resolved without changing operation evidence.,Draft only; a curator must apply this decision with its paired entity patch.,,,
georeview_7691eb509d7be378c3d4,Durham's Country Market,durhams country market,correct,B,farm_or_agricultural_business,Anderson,Belton,,farm-stand,farm or agricultural business,,https://www2.census.gov/geo/docs/reference/codes2020/national_place_by_county2020.txt,2026-07-17,The Census national place-by-county reference places Belton wholly within Anderson (45007); the county geography blocker is resolved without changing operation evidence.,Draft only; a curator must apply this decision with its paired entity patch.,,,
georeview_3cac33147ede5892b329,Earthwize Farms,earthwize farms,correct,B,farm_or_agricultural_business,Aiken,Aiken,,agritourism,farm or agricultural business,,https://www2.census.gov/geo/docs/reference/codes2020/national_place_by_county2020.txt,2026-07-17,The Census national place-by-county reference places Aiken wholly within Aiken (45003); the county geography blocker is resolved without changing operation evidence.,Draft only; a curator must apply this decision with its paired entity patch.,,,
georeview_c836aca5f48896e9df3d,Edisto Gold Honey,edisto gold honey,correct,B,farm_or_agricultural_business,Orangeburg,Branchville,,honey,farm or agricultural business,,https://www2.census.gov/geo/docs/reference/codes2020/national_place_by_county2020.txt,2026-07-17,The Census national place-by-county reference places Branchville wholly within Orangeburg (45075); the county geography blocker is resolved without changing operation evidence.,Draft only; a curator must apply this decision with its paired entity patch.,,,
georeview_706fb3df0d43e7868353,Fairfield Farmers and Artisans Market,fairfield farmers and artisans market,correct,B,farm_or_agricultural_business,Fairfield,Winnsboro,,farmers-market,farm or agricultural business,,https://www2.census.gov/geo/docs/reference/codes2020/national_place_by_county2020.txt,2026-07-17,The Census national place-by-county reference places Winnsboro wholly within Fairfield (45039); the county geography blocker is resolved without changing operation evidence.,Draft only; a curator must apply this decision with its paired entity patch.,,,
georeview_9702e8b5de42f74dbf25,Farmers Market of Bluffton,farmers market of bluffton,correct,B,farm_or_agricultural_business,Beaufort,Bluffton,,farmers-market,farm or agricultural business,,https://www2.census.gov/geo/docs/reference/codes2020/national_place_by_county2020.txt,2026-07-17,The Census national place-by-county reference places Bluffton wholly within Beaufort (45013); the county geography blocker is resolved without changing operation evidence.,Draft only; a curator must apply this decision with its paired entity patch.,,,
georeview_68d89e6b343f5f24ed46,Fili-West Farms,fili west farms,correct,B,farm_or_agricultural_business,Orangeburg,Vance,,,farm or agricultural business,,https://www2.census.gov/geo/docs/reference/codes2020/national_place_by_county2020.txt,2026-07-17,The Census national place-by-county reference places Vance wholly within Orangeburg (45075); the county geography blocker is resolved without changing operation evidence.,Draft only; a curator must apply this decision with its paired entity patch.,,,
georeview_a5b0c00c4c5b0c422288,Foothills Heritage Market,foothills heritage market,correct,B,farm_or_agricultural_business,Oconee,Westminster,,farmers-market,farm or agricultural business,,https://www2.census.gov/geo/docs/reference/codes2020/national_place_by_county2020.txt,2026-07-17,The Census national place-by-county reference places Westminster wholly within Oconee (45073); the county geography blocker is resolved without changing operation evidence.,Draft only; a curator must apply this decision with its paired entity patch.,,,
georeview_a6ebe81853e48a4649b7,"Frosty Farmer Winter Market, LLC",frosty farmer winter market,correct,B,farm_or_agricultural_business,Greenville,Greenville,,farmers-market,farm or agricultural business,,https://www2.census.gov/geo/docs/reference/codes2020/national_place_by_county2020.txt,2026-07-17,The Census national place-by-county reference places Greenville wholly within Greenville (45045); the county geography blocker is resolved without changing operation evidence.,Draft only; a curator must apply this decision with its paired entity patch.,,,
georeview_a237b5b055f57e82c3cb,Georgetown Farmers Market,georgetown farmers market,correct,B,farm_or_agricultural_business,Georgetown,Georgetown,,farmers-market,farm or agricultural business,,https://www2.census.gov/geo/docs/reference/codes2020/national_place_by_county2020.txt,2026-07-17,The Census national place-by-county reference places Georgetown wholly within Georgetown (45043); the county geography blocker is resolved without changing operation evidence.,Draft only; a curator must apply this decision with its paired entity patch.,,,
georeview_7a9bc412ab565d23fa5e,Good To Go Mobile Market,good to go mobile market,correct,B,farm_or_agricultural_business,Greenville,Greenville,,farmers-market,farm or agricultural business,,https://www2.census.gov/geo/docs/reference/codes2020/national_place_by_county2020.txt,2026-07-17,The Census national place-by-county reference places Greenville wholly within Greenville (45045); the county geography blocker is resolved without changing operation evidence.,Draft only; a curator must apply this decision with its paired entity patch.,,,
georeview_91369adac1b7e559c0b3,Greenville Saturday Farmers Market,greenville saturday farmers market,correct,B,farm_or_agricultural_business,Greenville,Greenville,,,farm or agricultural business,,https://www2.census.gov/geo/docs/reference/codes2020/national_place_by_county2020.txt,2026-07-17,The Census national place-by-county reference places Greenville wholly within Greenville (45045); the county geography blocker is resolved without changing operation evidence.,Draft only; a curator must apply this decision with its paired entity patch.,,,
georeview_5c359b4be7ef54fc31c4,Greenville State Farmers Market,greenville state farmers market,correct,B,farm_or_agricultural_business,Greenville,Greenville,,,farm or agricultural business,,https://www2.census.gov/geo/docs/reference/codes2020/national_place_by_county2020.txt,2026-07-17,The Census national place-by-county reference places Greenville wholly within Greenville (45045); the county geography blocker is resolved without changing operation evidence.,Draft only; a curator must apply this decision with its paired entity patch.,,,
georeview_3933a11088d923bb879d,Hardy Berry Farm The Play Patch,hardy berry farm the play patch,correct,B,farm_or_agricultural_business,Anderson,Anderson,,"agritourism, produce",farm or agricultural business,,https://www2.census.gov/geo/docs/reference/codes2020/national_place_by_county2020.txt,2026-07-17,The Census national place-by-county reference places Anderson wholly within Anderson (45007); the county geography blocker is resolved without changing operation evidence.,Draft only; a curator must apply this decision with its paired entity patch.,,,
georeview_39c4bc308d062fb10925,HBP Skunkworks & Farms,hbp skunkworks and farms,correct,B,farm_or_agricultural_business,Spartanburg,Wellford,,csa,farm or agricultural business,,https://www2.census.gov/geo/docs/reference/codes2020/national_place_by_county2020.txt,2026-07-17,The Census national place-by-county reference places Wellford wholly within Spartanburg (45083); the county geography blocker is resolved without changing operation evidence.,Draft only; a curator must apply this decision with its paired entity patch.,,,
georeview_ab2b79dc5452561b6591,Healing Springs Strawberry Patch,healing springs strawberry patch,correct,B,farm_or_agricultural_business,Barnwell,Blackville,,"agritourism, produce",farm or agricultural business,,https://www2.census.gov/geo/docs/reference/codes2020/national_place_by_county2020.txt,2026-07-17,The Census national place-by-county reference places Blackville wholly within Barnwell (45011); the county geography blocker is resolved without changing operation evidence.,Draft only; a curator must apply this decision with its paired entity patch.,,,
georeview_995de81967d4e72e1e64,Hickory Hill Milk,hickory hill milk,correct,B,farm_or_agricultural_business,Edgefield,Edgefield,,agritourism,farm or agricultural business,,https://www2.census.gov/geo/docs/reference/codes2020/national_place_by_county2020.txt,2026-07-17,The Census national place-by-county reference places Edgefield wholly within Edgefield (45037); the county geography blocker is resolved without changing operation evidence.,Draft only; a curator must apply this decision with its paired entity patch.,,,
georeview_f446b9b191a1be338031,Hidden Spring Bee Farm,hidden spring bee farm,correct,B,farm_or_agricultural_business,Greenville,Greenville,,"agritourism, honey",farm or agricultural business,,https://www2.census.gov/geo/docs/reference/codes2020/national_place_by_county2020.txt,2026-07-17,The Census national place-by-county reference places Greenville wholly within Greenville (45045); the county geography blocker is resolved without changing operation evidence.,Draft only; a curator must apply this decision with its paired entity patch.,,,
georeview_5e96458fd65cfdd71906,Hill Creek Farms,hill creek farms,correct,B,farm_or_agricultural_business,Darlington,Hartsville,,,farm or agricultural business,,https://www2.census.gov/geo/docs/reference/codes2020/national_place_by_county2020.txt,2026-07-17,The Census national place-by-county reference places Hartsville wholly within Darlington (45031); the county geography blocker is resolved without changing operation evidence.,Draft only; a curator must apply this decision with its paired entity patch.,,,
georeview_075ddecf4951dd7a165a,Horsecreek Apiaries & Honey Farms LLC,horsecreek apiaries and honey farms,correct,B,farm_or_agricultural_business,Orangeburg,Holly Hill,,"agritourism, honey",farm or agricultural business,,https://www2.census.gov/geo/docs/reference/codes2020/national_place_by_county2020.txt,2026-07-17,The Census national place-by-county reference places Holly Hill wholly within Orangeburg (45075); the county geography blocker is resolved without changing operation evidence.,Draft only; a curator must apply this decision with its paired entity patch.,,,
georeview_796d132ef6b04130f2fc,Hughey Farms,hughey farms,correct,B,farm_or_agricultural_business,Spartanburg,Boiling Springs,,farm-stand; agritourism,farm or agricultural business,,https://www2.census.gov/geo/docs/reference/codes2020/national_place_by_county2020.txt,2026-07-17,The Census national place-by-county reference places Boiling Springs wholly within Spartanburg (45083); the county geography blocker is resolved without changing operation evidence.,Draft only; a curator must apply this decision with its paired entity patch.,,,
georeview_6cb91aaec0a5db608d39,Hurricane Creek Farms,hurricane creek farms,correct,B,farm_or_agricultural_business,Anderson,Pelzer,,produce; agritourism,farm or agricultural business,,https://www2.census.gov/geo/docs/reference/codes2020/national_place_by_county2020.txt,2026-07-17,The Census national place-by-county reference places Pelzer wholly within Anderson (45007); the county geography blocker is resolved without changing operation evidence.,Draft only; a curator must apply this decision with its paired entity patch.,,,
georeview_9f6487fb2acebc65950f,Indigo Farms,indigo farms,correct,B,farm_or_agricultural_business,Horry,Little River,,agritourism,farm or agricultural business,,https://www2.census.gov/geo/docs/reference/codes2020/national_place_by_county2020.txt,2026-07-17,The Census national place-by-county reference places Little River wholly within Horry (45051); the county geography blocker is resolved without changing operation evidence.,Draft only; a curator must apply this decision with its paired entity patch.,,,
georeview_69406bc63bb5089e6b15,Inman Farms,inman farms,correct,B,farm_or_agricultural_business,York,York,,agritourism,farm or agricultural business,,https://www2.census.gov/geo/docs/reference/codes2020/national_place_by_county2020.txt,2026-07-17,The Census national place-by-county reference places York wholly within York (45091); the county geography blocker is resolved without changing operation evidence.,Draft only; a curator must apply this decision with its paired entity patch.,,,
georeview_090f9fc233782ad9e2f7,"James R. Sease Farms - E34742, also called The Patch",james r sease farms e34742 also called the patch,correct,B,farm_or_agricultural_business,Lexington,Gilbert,,agritourism,farm or agricultural business,,https://www2.census.gov/geo/docs/reference/codes2020/national_place_by_county2020.txt,2026-07-17,The Census national place-by-county reference places Gilbert wholly within Lexington (45063); the county geography blocker is resolved without changing operation evidence.,Draft only; a curator must apply this decision with its paired entity patch.,,,
georeview_60d513e1afb72950cf5e,JR's Farm,jrs farm,correct,B,farm_or_agricultural_business,Barnwell,Barnwell,,agritourism,farm or agricultural business,,https://www2.census.gov/geo/docs/reference/codes2020/national_place_by_county2020.txt,2026-07-17,The Census national place-by-county reference places Barnwell wholly within Barnwell (45011); the county geography blocker is resolved without changing operation evidence.,Draft only; a curator must apply this decision with its paired entity patch.,,,
georeview_1f64a6b49de8ce8f8b68,Keegan-Filion Farm,keegan filion farm,correct,B,farm_or_agricultural_business,Colleton,Walterboro,,,farm or agricultural business,,https://www2.census.gov/geo/docs/reference/codes2020/national_place_by_county2020.txt,2026-07-17,The Census national place-by-county reference places Walterboro wholly within Colleton (45029); the county geography blocker is resolved without changing operation evidence.,Draft only; a curator must apply this decision with its paired entity patch.,,,
georeview_f72eb05a4a745fd5a7bb,Kershaw County Farmers Market,kershaw county farmers market,correct,B,farm_or_agricultural_business,Kershaw,Camden,,farmers-market,farm or agricultural business,,https://www2.census.gov/geo/docs/reference/codes2020/national_place_by_county2020.txt,2026-07-17,The Census national place-by-county reference places Camden wholly within Kershaw (45055); the county geography blocker is resolved without changing operation evidence.,Draft only; a curator must apply this decision with its paired entity patch.,,,
georeview_03386cfbd13797ce8ca6,Kingstree Eat Smart Farmers' Market,kingstree eat smart farmers market,correct,B,farm_or_agricultural_business,Williamsburg,Kingstree,,farmers-market,farm or agricultural business,,https://www2.census.gov/geo/docs/reference/codes2020/national_place_by_county2020.txt,2026-07-17,The Census national place-by-county reference places Kingstree wholly within Williamsburg (45089); the county geography blocker is resolved without changing operation evidence.,Draft only; a curator must apply this decision with its paired entity patch.,,,
georeview_a11e2016e7ae98d4528d,Kling Farm,kling farm,correct,B,farm_or_agricultural_business,Aiken,Jackson,,agritourism,farm or agricultural business,,https://www2.census.gov/geo/docs/reference/codes2020/national_place_by_county2020.txt,2026-07-17,The Census national place-by-county reference places Jackson wholly within Aiken (45003); the county geography blocker is resolved without changing operation evidence.,Draft only; a curator must apply this decision with its paired entity patch.,,,
georeview_24b1eb04c142e2e8db94,Kylies Strawberry Patch LLC,kylies strawberry patch,correct,B,farm_or_agricultural_business,York,Rock Hill,,"agritourism, produce",farm or agricultural business,,https://www2.census.gov/geo/docs/reference/codes2020/national_place_by_county2020.txt,2026-07-17,The Census national place-by-county reference places Rock Hill wholly within York (45091); the county geography blocker is resolved without changing operation evidence.,Draft only; a curator must apply this decision with its paired entity patch.,,,
georeview_d96fb57c3fe134a92bdc,Landrum Farmers' Market,landrum farmers market,correct,B,farm_or_agricultural_business,Spartanburg,Landrum,,farmers-market,farm or agricultural business,,https://www2.census.gov/geo/docs/reference/codes2020/national_place_by_county2020.txt,2026-07-17,The Census national place-by-county reference places Landrum wholly within Spartanburg (45083); the county geography blocker is resolved without changing operation evidence.,Draft only; a curator must apply this decision with its paired entity patch.,,,
georeview_37200e004b2b16c40327,"Legacy Springs Farm Dairy, LLC",legacy springs farm dairy,correct,B,farm_or_agricultural_business,Chester,Chester,,dairy,farm or agricultural business,,https://www2.census.gov/geo/docs/reference/codes2020/national_place_by_county2020.txt,2026-07-17,The Census national place-by-county reference places Chester wholly within Chester (45023); the county geography blocker is resolved without changing operation evidence.,Draft only; a curator must apply this decision with its paired entity patch.,,,
georeview_39bdcfb6959302cdb327,Lexington Farmers' Market,lexington farmers market,correct,B,farm_or_agricultural_business,Lexington,Lexington,,farmers-market,farm or agricultural business,,https://www2.census.gov/geo/docs/reference/codes2020/national_place_by_county2020.txt,2026-07-17,The Census national place-by-county reference places Lexington wholly within Lexington (45063); the county geography blocker is resolved without changing operation evidence.,Draft only; a curator must apply this decision with its paired entity patch.,,,
georeview_1b64d4f2b0a601a37b2e,Little Cane Creek Farm,little cane creek farm,correct,B,farm_or_agricultural_business,Oconee,West Union,,agritourism,farm or agricultural business,,https://www2.census.gov/geo/docs/reference/codes2020/national_place_by_county2020.txt,2026-07-17,The Census national place-by-county reference places West Union wholly within Oconee (45073); the county geography blocker is resolved without changing operation evidence.,Draft only; a curator must apply this decision with its paired entity patch.,,,
georeview_5d152b79f5fd8d04683a,Little River Farmers Market,little river farmers market,correct,B,farm_or_agricultural_business,Horry,Little River,,farmers-market,farm or agricultural business,,https://www2.census.gov/geo/docs/reference/codes2020/national_place_by_county2020.txt,2026-07-17,The Census national place-by-county reference places Little River wholly within Horry (45051); the county geography blocker is resolved without changing operation evidence.,Draft only; a curator must apply this decision with its paired entity patch.,,,
georeview_0c3680a17a3ddd90d459,Long Family Vineyards,long family vineyards,correct,B,farm_or_agricultural_business,Spartanburg,Woodruff,,agritourism,farm or agricultural business,,https://www2.census.gov/geo/docs/reference/codes2020/national_place_by_county2020.txt,2026-07-17,The Census national place-by-county reference places Woodruff wholly within Spartanburg (45083); the county geography blocker is resolved without changing operation evidence.,Draft only; a curator must apply this decision with its paired entity patch.,,,
georeview_7419334afecbc8fbf12e,Louderbranch Farms & Greenhouses,louderbranch farms and greenhouses,correct,B,farm_or_agricultural_business,Oconee,Walhalla,,"agritourism, nursery",farm or agricultural business,,https://www2.census.gov/geo/docs/reference/codes2020/national_place_by_county2020.txt,2026-07-17,The Census national place-by-county reference places Walhalla wholly within Oconee (45073); the county geography blocker is resolved without changing operation evidence.,Draft only; a curator must apply this decision with its paired entity patch.,,,
georeview_a50642c077b40cc51c68,Lucky B's Farms,lucky bs farms,correct,B,farm_or_agricultural_business,Williamsburg,Hemingway,,agritourism; farm-stand,farm or agricultural business,,https://www2.census.gov/geo/docs/reference/codes2020/national_place_by_county2020.txt,2026-07-17,The Census national place-by-county reference places Hemingway wholly within Williamsburg (45089); the county geography blocker is resolved without changing operation evidence.,Draft only; a curator must apply this decision with its paired entity patch.,,,
georeview_b38e41b6e2b618145fdc,Lynn's Berries Six Mile Farm,lynns berries six mile farm,correct,B,farm_or_agricultural_business,Horry,Conway,,"agritourism, produce",farm or agricultural business,,https://www2.census.gov/geo/docs/reference/codes2020/national_place_by_county2020.txt,2026-07-17,The Census national place-by-county reference places Conway wholly within Horry (45051); the county geography blocker is resolved without changing operation evidence.,Draft only; a curator must apply this decision with its paired entity patch.,,,
georeview_ad9b19ef56b74988628c,Maple Ridge Farm,maple ridge farm,correct,B,farm_or_agricultural_business,Colleton,Walterboro,,agritourism,farm or agricultural business,,https://www2.census.gov/geo/docs/reference/codes2020/national_place_by_county2020.txt,2026-07-17,The Census national place-by-county reference places Walterboro wholly within Colleton (45029); the county geography blocker is resolved without changing operation evidence.,Draft only; a curator must apply this decision with its paired entity patch.,,,
georeview_a06f06bf174179b0b3eb,Market Common Farmers Market,market common farmers market,correct,B,farm_or_agricultural_business,Horry,Myrtle Beach,,farmers-market,farm or agricultural business,,https://www2.census.gov/geo/docs/reference/codes2020/national_place_by_county2020.txt,2026-07-17,The Census national place-by-county reference places Myrtle Beach wholly within Horry (45051); the county geography blocker is resolved without changing operation evidence.,Draft only; a curator must apply this decision with its paired entity patch.,,,
georeview_7a9afdb428ecce3a6a3e,Mauldin Farms,mauldin farms,correct,B,farm_or_agricultural_business,Pickens,Pickens,,farm-stand,farm or agricultural business,,https://www2.census.gov/geo/docs/reference/codes2020/national_place_by_county2020.txt,2026-07-17,The Census national place-by-county reference places Pickens wholly within Pickens (45077); the county geography blocker is resolved without changing operation evidence.,Draft only; a curator must apply this decision with its paired entity patch.,,,
georeview_c89de4c36dac43e349cd,May-Lan Tree Plantation,may lan tree plantation,correct,B,farm_or_agricultural_business,Anderson,Pelzer,,agritourism,farm or agricultural business,,https://www2.census.gov/geo/docs/reference/codes2020/national_place_by_county2020.txt,2026-07-17,The Census national place-by-county reference places Pelzer wholly within Anderson (45007); the county geography blocker is resolved without changing operation evidence.,Draft only; a curator must apply this decision with its paired entity patch.,,,
georeview_ca92cf60f39e4a1ab1e3,Maypop Farm,maypop farm,correct,B,farm_or_agricultural_business,Darlington,Darlington,29532,"grass-fed meat, eggs, dairy",farm or agricultural business,http://www.freerangechicken.com,https://www2.census.gov/geo/docs/reference/codes2020/national_place_by_county2020.txt,2026-07-17,The Census national place-by-county reference places Darlington wholly within Darlington (45031); the county geography blocker is resolved without changing operation evidence.,Draft only; a curator must apply this decision with its paired entity patch.,,,
georeview_0a62fb639be2775705dd,McLeod Farms Market,mcleod farms market,correct,B,farm_or_agricultural_business,Chesterfield,McBee,,"farm-stand, organic",farm or agricultural business,,https://www2.census.gov/geo/docs/reference/codes2020/national_place_by_county2020.txt,2026-07-17,The Census national place-by-county reference places McBee wholly within Chesterfield (45025); the county geography blocker is resolved without changing operation evidence.,Draft only; a curator must apply this decision with its paired entity patch.,,,
georeview_0fa89a36edf3ae57bb8e,Mercer House Estate Winery,mercer house estate winery,correct,B,farm_or_agricultural_business,Lexington,Lexington,,agritourism,farm or agricultural business,,https://www2.census.gov/geo/docs/reference/codes2020/national_place_by_county2020.txt,2026-07-17,The Census national place-by-county reference places Lexington wholly within Lexington (45063); the county geography blocker is resolved without changing operation evidence.,Draft only; a curator must apply this decision with its paired entity patch.,,,
georeview_5a36361d78fb3410a2f8,Mile Creek Farm CSA Farm Box,mile creek farm csa farm box,correct,B,farm_or_agricultural_business,Pickens,Six Mile,,"csa, meat, poultry, produce",farm or agricultural business,,https://www2.census.gov/geo/docs/reference/codes2020/national_place_by_county2020.txt,2026-07-17,The Census national place-by-county reference places Six Mile wholly within Pickens (45077); the county geography blocker is resolved without changing operation evidence.,Draft only; a curator must apply this decision with its paired entity patch.,,,
georeview_8e060402cac3bef89b31,Mile Creek Farm Produce,mile creek farm produce,correct,B,farm_or_agricultural_business,Pickens,Six Mile,,"farm-stand, produce",farm or agricultural business,,https://www2.census.gov/geo/docs/reference/codes2020/national_place_by_county2020.txt,2026-07-17,The Census national place-by-county reference places Six Mile wholly within Pickens (45077); the county geography blocker is resolved without changing operation evidence.,Draft only; a curator must apply this decision with its paired entity patch.,,,
georeview_704c85c258c3a5d71ed0,MILLGROVE FARMS TOWN MARKET,millgrove farms town market,correct,B,farm_or_agricultural_business,Georgetown,Georgetown,,"farm-stand, organic",farm or agricultural business,,https://www2.census.gov/geo/docs/reference/codes2020/national_place_by_county2020.txt,2026-07-17,The Census national place-by-county reference places Georgetown wholly within Georgetown (45043); the county geography blocker is resolved without changing operation evidence.,Draft only; a curator must apply this decision with its paired entity patch.,,,
georeview_e3245d12ac67caef2f27,Mini Miracles Farm,mini miracles farm,correct,B,farm_or_agricultural_business,Greenville,Taylors,,farm-stand,farm or agricultural business,,https://www2.census.gov/geo/docs/reference/codes2020/national_place_by_county2020.txt,2026-07-17,The Census national place-by-county reference places Taylors wholly within Greenville (45045); the county geography blocker is resolved without changing operation evidence.,Draft only; a curator must apply this decision with its paired entity patch.,,,
georeview_2795554656f7862b3b2a,Mount Pleasant Farmers Market,mount pleasant farmers market,correct,B,farm_or_agricultural_business,Charleston,Mount Pleasant,,farmers-market,farm or agricultural business,,https://www2.census.gov/geo/docs/reference/codes2020/national_place_by_county2020.txt,2026-07-17,The Census national place-by-county reference places Mount Pleasant wholly within Charleston (45019); the county geography blocker is resolved without changing operation evidence.,Draft only; a curator must apply this decision with its paired entity patch.,,,
georeview_053fa89502f21ca9bfdc,mrcaster@ftc-i.net,mrcaster ftc i net,correct,B,farm_or_agricultural_business,Clarendon,Summerton,29148,"blueberries, peaches, cantaloupe, watermelon 1041 Watergate Rd, Summerton, SC 29148. Phone: 803-478-9930. Email: mrcaster@ftc-i.net . Open: UPDATE for 2025: Their website and/or Facebook page is gone or years outdated, Do NOT trust AI search, not Google's or any others, which mixes and matches info at random, and other websites never check or update their info; So call before you go, Does anyone have current information, are they still offering pick your own or are even open? If so, please write me ; last reported hours were May-December Hours-call. Directions: Call for directions. Payment: Cash, only.. No insect pest or herbicides are used on the property. Everything is all natural grown like organic-exception- We use chemical fertilizers with all trace elements along with organic mulch. Almost all vegetables; 145 producing Blueberry bushes, Peaches, cantaloupe, watermelon, etc.,",farm or agricultural business,,https://www2.census.gov/geo/docs/reference/codes2020/national_place_by_county2020.txt,2026-07-17,The Census national place-by-county reference places Summerton wholly within Clarendon (45027); the county geography blocker is resolved without changing operation evidence.,Draft only; a curator must apply this decision with its paired entity patch.,,,
georeview_611a37000fb8f5874e8a,Myrtle Beach Haunted House - Terror Under The Bridge,myrtle beach haunted house terror under the bridge,correct,B,farm_or_agricultural_business,Horry,Myrtle Beach,,agritourism,farm or agricultural business,,https://www2.census.gov/geo/docs/reference/codes2020/national_place_by_county2020.txt,2026-07-17,The Census national place-by-county reference places Myrtle Beach wholly within Horry (45051); the county geography blocker is resolved without changing operation evidence.,Draft only; a curator must apply this decision with its paired entity patch.,,,
georeview_3e8830b1fe08d2c4104d,Natural Grown Meats,natural grown meats,correct,B,farm_or_agricultural_business,Horry,North Myrtle Beach,,"farm-stand, meat",farm or agricultural business,,https://www2.census.gov/geo/docs/reference/codes2020/national_place_by_county2020.txt,2026-07-17,The Census national place-by-county reference places North Myrtle Beach wholly within Horry (45051); the county geography blocker is resolved without changing operation evidence.,Draft only; a curator must apply this decision with its paired entity patch.,,,
georeview_5097f6d9d64bf037fc9e,Nightmare Dungeon Haunted Houses,nightmare dungeon haunted houses,correct,B,farm_or_agricultural_business,Greenville,Greenville,,agritourism,farm or agricultural business,,https://www2.census.gov/geo/docs/reference/codes2020/national_place_by_county2020.txt,2026-07-17,The Census national place-by-county reference places Greenville wholly within Greenville (45045); the county geography blocker is resolved without changing operation evidence.,Draft only; a curator must apply this decision with its paired entity patch.,,,
georeview_1dadf09437c547b8b473,North Myrtle Beach Farmers Market,north myrtle beach farmers market,correct,B,farm_or_agricultural_business,Horry,North Myrtle Beach,,farmers-market,farm or agricultural business,,https://www2.census.gov/geo/docs/reference/codes2020/national_place_by_county2020.txt,2026-07-17,The Census national place-by-county reference places North Myrtle Beach wholly within Horry (45051); the county geography blocker is resolved without changing operation evidence.,Draft only; a curator must apply this decision with its paired entity patch.,,,
georeview_689a70d55084325dcb72,Old McCaskill's Farm,old mccaskills farm,correct,B,farm_or_agricultural_business,Sumter,Rembert,,"farm-stand, organic; agritourism",farm or agricultural business,,https://www2.census.gov/geo/docs/reference/codes2020/national_place_by_county2020.txt,2026-07-17,The Census national place-by-county reference places Rembert wholly within Sumter (45085); the county geography blocker is resolved without changing operation evidence.,Draft only; a curator must apply this decision with its paired entity patch.,,,
georeview_c4b2e65d5f7ae5a4f4fd,Old Paths Farm,old paths farm,correct,B,farm_or_agricultural_business,Cherokee,Gaffney,29341,"grass-fed meat, eggs, dairy",farm or agricultural business,http://www.oldpathsfarm.com,https://www2.census.gov/geo/docs/reference/codes2020/national_place_by_county2020.txt,2026-07-17,The Census national place-by-county reference places Gaffney wholly within Cherokee (45021); the county geography blocker is resolved without changing operation evidence.,Draft only; a curator must apply this decision with its paired entity patch.,,,
georeview_4fadd16363f95739a2a2,Old Town Farmers' Market,old town farmers market,correct,B,farm_or_agricultural_business,York,Rock Hill,,farmers-market,farm or agricultural business,,https://www2.census.gov/geo/docs/reference/codes2020/national_place_by_county2020.txt,2026-07-17,The Census national place-by-county reference places Rock Hill wholly within York (45091); the county geography blocker is resolved without changing operation evidence.,Draft only; a curator must apply this decision with its paired entity patch.,,,
georeview_aff5ee406d11e23c5b3f,Ovis Hill Farm,ovis hill farm,correct,B,farm_or_agricultural_business,Florence,Timmonsville,,,farm or agricultural business,,https://www2.census.gov/geo/docs/reference/codes2020/national_place_by_county2020.txt,2026-07-17,The Census national place-by-county reference places Timmonsville wholly within Florence (45041); the county geography blocker is resolved without changing operation evidence.,Draft only; a curator must apply this decision with its paired entity patch.,,,
georeview_c17f557c4f23430e8477,PAL Food Hub,pal food hub,correct,B,farm_or_agricultural_business,Spartanburg,Spartanburg,,farmers-market,farm or agricultural business,,https://www2.census.gov/geo/docs/reference/codes2020/national_place_by_county2020.txt,2026-07-17,The Census national place-by-county reference places Spartanburg wholly within Spartanburg (45083); the county geography blocker is resolved without changing operation evidence.,Draft only; a curator must apply this decision with its paired entity patch.,,,
georeview_b1c5f6874b2720ed829e,Phillips Garden,phillips garden,correct,B,farm_or_agricultural_business,Orangeburg,Springfield,,agritourism,farm or agricultural business,,https://www2.census.gov/geo/docs/reference/codes2020/national_place_by_county2020.txt,2026-07-17,The Census national place-by-county reference places Springfield wholly within Orangeburg (45075); the county geography blocker is resolved without changing operation evidence.,Draft only; a curator must apply this decision with its paired entity patch.,,,
georeview_5222eacb30978cd193e4,Pim's Farm,pims farm,correct,B,farm_or_agricultural_business,Darlington,Darlington,,agritourism,farm or agricultural business,,https://www2.census.gov/geo/docs/reference/codes2020/national_place_by_county2020.txt,2026-07-17,The Census national place-by-county reference places Darlington wholly within Darlington (45031); the county geography blocker is resolved without changing operation evidence.,Draft only; a curator must apply this decision with its paired entity patch.,,,
georeview_4238fbd5fd0ccc8c917f,RAZE Organic Grown Products,raze organic grown products,correct,B,farm_or_agricultural_business,Aiken,Graniteville,,"farm-stand, organic",farm or agricultural business,,https://www2.census.gov/geo/docs/reference/codes2020/national_place_by_county2020.txt,2026-07-17,The Census national place-by-county reference places Graniteville wholly within Aiken (45003); the county geography blocker is resolved without changing operation evidence.,Draft only; a curator must apply this decision with its paired entity patch.,,,
georeview_060cce238a6b9e886ab0,"RBS Farms, Inc.",rbs farms,correct,B,farm_or_agricultural_business,Marion,Nichols,,agritourism,farm or agricultural business,,https://www2.census.gov/geo/docs/reference/codes2020/national_place_by_county2020.txt,2026-07-17,The Census national place-by-county reference places Nichols wholly within Marion (45067); the county geography blocker is resolved without changing operation evidence.,Draft only; a curator must apply this decision with its paired entity patch.,,,
georeview_9442fde7b2347818380c,Richburg Farms,richburg farms,correct,B,farm_or_agricultural_business,Clarendon,Manning,,agritourism,farm or agricultural business,,https://www2.census.gov/geo/docs/reference/codes2020/national_place_by_county2020.txt,2026-07-17,The Census national place-by-county reference places Manning wholly within Clarendon (45027); the county geography blocker is resolved without changing operation evidence.,Draft only; a curator must apply this decision with its paired entity patch.,,,
georeview_18b1c9116117e6973d14,"Right Choice, Fresh Start Farmers' Market",right choice fresh start farmers market,correct,B,farm_or_agricultural_business,Orangeburg,Orangeburg,,farmers-market,farm or agricultural business,,https://www2.census.gov/geo/docs/reference/codes2020/national_place_by_county2020.txt,2026-07-17,The Census national place-by-county reference places Orangeburg wholly within Orangeburg (45075); the county geography blocker is resolved without changing operation evidence.,Draft only; a curator must apply this decision with its paired entity patch.,,,
georeview_87eb0c96c2e51b197a6a,Roberts Family Farm,roberts family farm,correct,B,farm_or_agricultural_business,Lancaster,Kershaw,,"farm-stand, organic",farm or agricultural business,,https://www2.census.gov/geo/docs/reference/codes2020/national_place_by_county2020.txt,2026-07-17,The Census national place-by-county reference places Kershaw wholly within Lancaster (45057); the county geography blocker is resolved without changing operation evidence.,Draft only; a curator must apply this decision with its paired entity patch.,,,
georeview_fc390efd5979a15162fd,Samaria Farm & Dairy LLC,samaria farm and dairy,correct,B,farm_or_agricultural_business,Aiken,Aiken,,"dairy, meat, eggs, honey, produce, farm-stand",farm or agricultural business,,https://www2.census.gov/geo/docs/reference/codes2020/national_place_by_county2020.txt,2026-07-17,The Census national place-by-county reference places Aiken wholly within Aiken (45003); the county geography blocker is resolved without changing operation evidence.,Draft only; a curator must apply this decision with its paired entity patch.,,,
georeview_20d4dd04be1010199407,Sandifer Farms Produce Market,sandifer farms produce market,correct,B,farm_or_agricultural_business,Barnwell,Blackville,,"farm-stand, produce",farm or agricultural business,,https://www2.census.gov/geo/docs/reference/codes2020/national_place_by_county2020.txt,2026-07-17,The Census national place-by-county reference places Blackville wholly within Barnwell (45011); the county geography blocker is resolved without changing operation evidence.,Draft only; a curator must apply this decision with its paired entity patch.,,,
georeview_10afaf1998c755310a90,Sandy Soil Farm,sandy soil farm,correct,B,farm_or_agricultural_business,Lexington,Pelion,,agritourism; farm-stand,farm or agricultural business,,https://www2.census.gov/geo/docs/reference/codes2020/national_place_by_county2020.txt,2026-07-17,The Census national place-by-county reference places Pelion wholly within Lexington (45063); the county geography blocker is resolved without changing operation evidence.,Draft only; a curator must apply this decision with its paired entity patch.,,,
georeview_d190c4f96dd787dfce51,Satterfield Farms,satterfield farms,correct,B,farm_or_agricultural_business,Greenville,Taylors,,"farm-stand, organic",farm or agricultural business,,https://www2.census.gov/geo/docs/reference/codes2020/national_place_by_county2020.txt,2026-07-17,The Census national place-by-county reference places Taylors wholly within Greenville (45045); the county geography blocker is resolved without changing operation evidence.,Draft only; a curator must apply this decision with its paired entity patch.,,,
georeview_c83db7d700cad8bedda9,Savannah Bee Company,savannah bee company,correct,B,farm_or_agricultural_business,Horry,Myrtle Beach,,honey,farm or agricultural business,,https://www2.census.gov/geo/docs/reference/codes2020/national_place_by_county2020.txt,2026-07-17,The Census national place-by-county reference places Myrtle Beach wholly within Horry (45051); the county geography blocker is resolved without changing operation evidence.,Draft only; a curator must apply this decision with its paired entity patch.,,,
georeview_961ed5c0a7f8c70c86db,SC State Farmers' Market,sc state farmers market,correct,B,farm_or_agricultural_business,Lexington,West Columbia,,farmers-market,farm or agricultural business,,https://www2.census.gov/geo/docs/reference/codes2020/national_place_by_county2020.txt,2026-07-17,The Census national place-by-county reference places West Columbia wholly within Lexington (45063); the county geography blocker is resolved without changing operation evidence.,Draft only; a curator must apply this decision with its paired entity patch.,,,
georeview_601da13057e2bd72f1fc,Second Wave Coffee & Books,second wave coffee and books,correct,B,farm_or_agricultural_business,Lexington,Lexington,,agritourism,farm or agricultural business,,https://www2.census.gov/geo/docs/reference/codes2020/national_place_by_county2020.txt,2026-07-17,The Census national place-by-county reference places Lexington wholly within Lexington (45063); the county geography blocker is resolved without changing operation evidence.,Draft only; a curator must apply this decision with its paired entity patch.,,,
georeview_a85dc976802052455da7,Shadow Lane Farm,shadow lane farm,correct,B,farm_or_agricultural_business,Aiken,Wagener,,agritourism,farm or agricultural business,,https://www2.census.gov/geo/docs/reference/codes2020/national_place_by_county2020.txt,2026-07-17,The Census national place-by-county reference places Wagener wholly within Aiken (45003); the county geography blocker is resolved without changing operation evidence.,Draft only; a curator must apply this decision with its paired entity patch.,,,
georeview_2dd392009fa41dbcc86c,Six Mile Farmer's Depot,six mile farmers depot,correct,B,farm_or_agricultural_business,Pickens,Six Mile,,farm-stand,farm or agricultural business,,https://www2.census.gov/geo/docs/reference/codes2020/national_place_by_county2020.txt,2026-07-17,The Census national place-by-county reference places Six Mile wholly within Pickens (45077); the county geography blocker is resolved without changing operation evidence.,Draft only; a curator must apply this decision with its paired entity patch.,,,
georeview_1e248d3daad448276903,Six Mile Farmers' Market,six mile farmers market,correct,B,farm_or_agricultural_business,Pickens,Six Mile,,farmers-market,farm or agricultural business,,https://www2.census.gov/geo/docs/reference/codes2020/national_place_by_county2020.txt,2026-07-17,The Census national place-by-county reference places Six Mile wholly within Pickens (45077); the county geography blocker is resolved without changing operation evidence.,Draft only; a curator must apply this decision with its paired entity patch.,,,
georeview_d3ddcc938434f39c7101,Solo Verdi Meats,solo verdi meats,correct,B,farm_or_agricultural_business,Hampton,Varnville,,meat,farm or agricultural business,,https://www2.census.gov/geo/docs/reference/codes2020/national_place_by_county2020.txt,2026-07-17,The Census national place-by-county reference places Varnville wholly within Hampton (45049); the county geography blocker is resolved without changing operation evidence.,Draft only; a curator must apply this decision with its paired entity patch.,,,
georeview_d4dc8f37e0a5959d6837,Southern Oaks Jersey Farm & Creamery,southern oaks jersey farm and creamery,correct,B,farm_or_agricultural_business,Abbeville,Abbeville,,"dairy, farm-stand, organic",farm or agricultural business,,https://www2.census.gov/geo/docs/reference/codes2020/national_place_by_county2020.txt,2026-07-17,The Census national place-by-county reference places Abbeville wholly within Abbeville (45001); the county geography blocker is resolved without changing operation evidence.,Draft only; a curator must apply this decision with its paired entity patch.,,,
georeview_9a0b0c211b7c5b7c07bc,"Split Creek Farm, LLC",split creek farm,correct,B,farm_or_agricultural_business,Anderson,Anderson,,"dairy, livestock; agritourism",farm or agricultural business,,https://www2.census.gov/geo/docs/reference/codes2020/national_place_by_county2020.txt,2026-07-17,The Census national place-by-county reference places Anderson wholly within Anderson (45007); the county geography blocker is resolved without changing operation evidence.,Draft only; a curator must apply this decision with its paired entity patch.,,,
georeview_9d7c27e5087517762e79,Springs Farm Market,springs farm market,correct,B,farm_or_agricultural_business,York,Fort Mill,,,farm or agricultural business,,https://www2.census.gov/geo/docs/reference/codes2020/national_place_by_county2020.txt,2026-07-17,The Census national place-by-county reference places Fort Mill wholly within York (45091); the county geography blocker is resolved without changing operation evidence.,Draft only; a curator must apply this decision with its paired entity patch.,,,
georeview_be717885afa1a0970c0a,Stoney Creek Farm,stoney creek farm,correct,B,farm_or_agricultural_business,Aiken,Aiken,,agritourism,farm or agricultural business,,https://www2.census.gov/geo/docs/reference/codes2020/national_place_by_county2020.txt,2026-07-17,The Census national place-by-county reference places Aiken wholly within Aiken (45003); the county geography blocker is resolved without changing operation evidence.,Draft only; a curator must apply this decision with its paired entity patch.,,,
georeview_ea83389c1cc4dea449d7,Strawberry Hill USA,strawberry hill usa,correct,B,farm_or_agricultural_business,Cherokee,Gaffney,,"farm-stand, produce",farm or agricultural business,,https://www2.census.gov/geo/docs/reference/codes2020/national_place_by_county2020.txt,2026-07-17,The Census national place-by-county reference places Gaffney wholly within Cherokee (45021); the county geography blocker is resolved without changing operation evidence.,Draft only; a curator must apply this decision with its paired entity patch.,,,
georeview_155a081ffb1777494fc5,Sunny Cedars Farm,sunny cedars farm,correct,B,farm_or_agricultural_business,Sumter,Sumter,,"agritourism; farm-stand, organic",farm or agricultural business,,https://www2.census.gov/geo/docs/reference/codes2020/national_place_by_county2020.txt,2026-07-17,The Census national place-by-county reference places Sumter wholly within Sumter (45085); the county geography blocker is resolved without changing operation evidence.,Draft only; a curator must apply this decision with its paired entity patch.,,,
georeview_0b4f0254f11966c78cad,Surfside Beach Farmers Market,surfside beach farmers market,correct,B,farm_or_agricultural_business,Horry,Surfside Beach,,farmers-market,farm or agricultural business,,https://www2.census.gov/geo/docs/reference/codes2020/national_place_by_county2020.txt,2026-07-17,The Census national place-by-county reference places Surfside Beach wholly within Horry (45051); the county geography blocker is resolved without changing operation evidence.,Draft only; a curator must apply this decision with its paired entity patch.,,,
georeview_9c9b8979c73d354ce5fa,Sweatman's strawberries,sweatmans strawberries,correct,B,farm_or_agricultural_business,Dorchester,St. George,,"farm-stand, produce; 2025 assumed permanently closed, strawberries, 154 Sweatman Farm Road, St. George, SC 29477. Phone: 803-837-1285. Alternate Phone: 803-682-4920. Fax: 803-531-6244. Email: jsweatman27@gmail.com . Open: UPDATE for 2025, assumed permanently closed, Looks like they are completely closed now...Their website says no pick-your-own strawberries in 2021, but it should return next year (2022), ' I hate to announce that we will not have strawberries this year, but we do have some other exciting things coming along'. Click here for current open hours, days and dates . Picking updates: Click here for picking updates . Directions: turn onto wire road off of highway 15 in Street George and go 1.3 miles to Sweatman Farm Road. Payment: Cash, only.",farm or agricultural business,,https://www2.census.gov/geo/docs/reference/codes2020/national_place_by_county2020.txt,2026-07-17,The Census national place-by-county reference places St. George wholly within Dorchester (45035); the county geography blocker is resolved without changing operation evidence.,Draft only; a curator must apply this decision with its paired entity patch.,,,
georeview_52ff7681644a47344597,Tega Hills Farm,tega hills farm,correct,B,farm_or_agricultural_business,York,Fort Mill,,,farm or agricultural business,,https://www2.census.gov/geo/docs/reference/codes2020/national_place_by_county2020.txt,2026-07-17,The Census national place-by-county reference places Fort Mill wholly within York (45091); the county geography blocker is resolved without changing operation evidence.,Draft only; a curator must apply this decision with its paired entity patch.,,,
georeview_1e68180e3b87d34b431a,The American Legion Farmers Market,the american legion farmers market,correct,B,farm_or_agricultural_business,Sumter,Sumter,,farmers-market,farm or agricultural business,,https://www2.census.gov/geo/docs/reference/codes2020/national_place_by_county2020.txt,2026-07-17,The Census national place-by-county reference places Sumter wholly within Sumter (45085); the county geography blocker is resolved without changing operation evidence.,Draft only; a curator must apply this decision with its paired entity patch.,,,
georeview_e4c091c6d05fa74be813,The Carolina Honey Bee Company - Carolina Bee Supply LLC,the carolina honey bee company carolina bee supply,correct,B,farm_or_agricultural_business,Greenville,Travelers Rest,,"farm-stand, honey, organic",farm or agricultural business,,https://www2.census.gov/geo/docs/reference/codes2020/national_place_by_county2020.txt,2026-07-17,The Census national place-by-county reference places Travelers Rest wholly within Greenville (45045); the county geography blocker is resolved without changing operation evidence.,Draft only; a curator must apply this decision with its paired entity patch.,,,
georeview_8b9dc4612588613dc424,The Charleston Bee Company,the charleston bee company,correct,B,farm_or_agricultural_business,Berkeley,Moncks Corner,,"agritourism, honey",farm or agricultural business,,https://www2.census.gov/geo/docs/reference/codes2020/national_place_by_county2020.txt,2026-07-17,The Census national place-by-county reference places Moncks Corner wholly within Berkeley (45015); the county geography blocker is resolved without changing operation evidence.,Draft only; a curator must apply this decision with its paired entity patch.,,,
georeview_5c18ffcf0f9e454e0a67,The Farm Store and More,the farm store and more,correct,B,farm_or_agricultural_business,Clarendon,Manning,,farm-stand,farm or agricultural business,,https://www2.census.gov/geo/docs/reference/codes2020/national_place_by_county2020.txt,2026-07-17,The Census national place-by-county reference places Manning wholly within Clarendon (45027); the county geography blocker is resolved without changing operation evidence.,Draft only; a curator must apply this decision with its paired entity patch.,,,
georeview_647a773fcae921aa32e0,The Fear Farm,the fear farm,correct,B,farm_or_agricultural_business,Cherokee,Blacksburg,,agritourism,farm or agricultural business,,https://www2.census.gov/geo/docs/reference/codes2020/national_place_by_county2020.txt,2026-07-17,The Census national place-by-county reference places Blacksburg wholly within Cherokee (45021); the county geography blocker is resolved without changing operation evidence.,Draft only; a curator must apply this decision with its paired entity patch.,,,
georeview_7b731107d05d562d5b05,The Little Fruit Farm,the little fruit farm,correct,B,farm_or_agricultural_business,Florence,Timmonsville,,agritourism,farm or agricultural business,,https://www2.census.gov/geo/docs/reference/codes2020/national_place_by_county2020.txt,2026-07-17,The Census national place-by-county reference places Timmonsville wholly within Florence (45041); the county geography blocker is resolved without changing operation evidence.,Draft only; a curator must apply this decision with its paired entity patch.,,,
georeview_10a82a432a21524b867d,The Little Market at Red Hill Orchard,the little market at red hill orchard,correct,B,farm_or_agricultural_business,Spartanburg,Campobello,,"farm-stand, orchard",farm or agricultural business,,https://www2.census.gov/geo/docs/reference/codes2020/national_place_by_county2020.txt,2026-07-17,The Census national place-by-county reference places Campobello wholly within Spartanburg (45083); the county geography blocker is resolved without changing operation evidence.,Draft only; a curator must apply this decision with its paired entity patch.,,,
georeview_a723062ee3d522df7a85,The Peach Tree Orchard,the peach tree orchard,correct,B,farm_or_agricultural_business,York,York,,"farm-stand, orchard",farm or agricultural business,,https://www2.census.gov/geo/docs/reference/codes2020/national_place_by_county2020.txt,2026-07-17,The Census national place-by-county reference places York wholly within York (45091); the county geography blocker is resolved without changing operation evidence.,Draft only; a curator must apply this decision with its paired entity patch.,,,
georeview_2885cc68063539acc68b,The Sprout U-pick,the sprout u pick,correct,B,farm_or_agricultural_business,Lexington,Lexington,,"agritourism, u-pick",farm or agricultural business,,https://www2.census.gov/geo/docs/reference/codes2020/national_place_by_county2020.txt,2026-07-17,The Census national place-by-county reference places Lexington wholly within Lexington (45063); the county geography blocker is resolved without changing operation evidence.,Draft only; a curator must apply this decision with its paired entity patch.,,,
georeview_4d2fbb9b1d107496044d,The Twenty-Eight Eleven (The 2811),the twenty eight eleven the 2811,correct,B,farm_or_agricultural_business,Abbeville,Abbeville,,farm-stand,farm or agricultural business,,https://www2.census.gov/geo/docs/reference/codes2020/national_place_by_county2020.txt,2026-07-17,The Census national place-by-county reference places Abbeville wholly within Abbeville (45001); the county geography blocker is resolved without changing operation evidence.,Draft only; a curator must apply this decision with its paired entity patch.,,,
georeview_ee41f4c273cb3d9e98cf,The Winery Mercer House,the winery mercer house,correct,B,farm_or_agricultural_business,Lexington,Lexington,,agritourism,farm or agricultural business,,https://www2.census.gov/geo/docs/reference/codes2020/national_place_by_county2020.txt,2026-07-17,The Census national place-by-county reference places Lexington wholly within Lexington (45063); the county geography blocker is resolved without changing operation evidence.,Draft only; a curator must apply this decision with its paired entity patch.,,,
georeview_6d2dfe1627ada30bebf3,Travelers Rest Farmers Market,travelers rest farmers market,correct,B,farm_or_agricultural_business,Greenville,Travelers Rest,,,farm or agricultural business,,https://www2.census.gov/geo/docs/reference/codes2020/national_place_by_county2020.txt,2026-07-17,The Census national place-by-county reference places Travelers Rest wholly within Greenville (45045); the county geography blocker is resolved without changing operation evidence.,Draft only; a curator must apply this decision with its paired entity patch.,,,
georeview_a9a39d743b3f000987a8,Tucker Adkins Dairy,tucker adkins dairy,correct,B,farm_or_agricultural_business,York,York,,dairy,farm or agricultural business,,https://www2.census.gov/geo/docs/reference/codes2020/national_place_by_county2020.txt,2026-07-17,The Census national place-by-county reference places York wholly within York (45091); the county geography blocker is resolved without changing operation evidence.,Draft only; a curator must apply this decision with its paired entity patch.,,,
georeview_b217d8d3d6e6b08dc7e5,Tylers Strawberries,tylers strawberries,correct,B,farm_or_agricultural_business,Horry,Loris,,"agritourism, produce",farm or agricultural business,,https://www2.census.gov/geo/docs/reference/codes2020/national_place_by_county2020.txt,2026-07-17,The Census national place-by-county reference places Loris wholly within Horry (45051); the county geography blocker is resolved without changing operation evidence.,Draft only; a curator must apply this decision with its paired entity patch.,,,
georeview_aacd60f9e4705bdac84a,Union County Farm & Craft Market,union county farm and craft market,correct,B,farm_or_agricultural_business,Union,Union,,farmers-market,farm or agricultural business,,https://www2.census.gov/geo/docs/reference/codes2020/national_place_by_county2020.txt,2026-07-17,The Census national place-by-county reference places Union wholly within Union (45087); the county geography blocker is resolved without changing operation evidence.,Draft only; a curator must apply this decision with its paired entity patch.,,,
georeview_b5891855a0d55db14f65,Vicki Loika,vicki loika,correct,B,farm_or_agricultural_business,Dillon,Hamer,,csa,farm or agricultural business,,https://www2.census.gov/geo/docs/reference/codes2020/national_place_by_county2020.txt,2026-07-17,The Census national place-by-county reference places Hamer wholly within Dillon (45033); the county geography blocker is resolved without changing operation evidence.,Draft only; a curator must apply this decision with its paired entity patch.,,,
georeview_fb79a771b81c7cc13102,Walker Bee Ranch,walker bee ranch,correct,B,farm_or_agricultural_business,Richland,Hopkins,,agritourism,farm or agricultural business,,https://www2.census.gov/geo/docs/reference/codes2020/national_place_by_county2020.txt,2026-07-17,The Census national place-by-county reference places Hopkins wholly within Richland (45079); the county geography blocker is resolved without changing operation evidence.,Draft only; a curator must apply this decision with its paired entity patch.,,,
georeview_437d020c4117d6b0a62e,Walker Century Farms Market,walker century farms market,correct,B,farm_or_agricultural_business,Anderson,Anderson,,,farm or agricultural business,,https://www2.census.gov/geo/docs/reference/codes2020/national_place_by_county2020.txt,2026-07-17,The Census national place-by-county reference places Anderson wholly within Anderson (45007); the county geography blocker is resolved without changing operation evidence.,Draft only; a curator must apply this decision with its paired entity patch.,,,
georeview_b3cec614889bd3b6cd13,Watson Farms,watson farms,correct,B,farm_or_agricultural_business,Chester,Chester,,"meat, poultry, livestock; grass-fed meat, eggs, dairy",farm or agricultural business,http://watsonfarmsbeef.com/,https://www2.census.gov/geo/docs/reference/codes2020/national_place_by_county2020.txt,2026-07-17,The Census national place-by-county reference places Chester wholly within Chester (45023); the county geography blocker is resolved without changing operation evidence.,Draft only; a curator must apply this decision with its paired entity patch.,,,
georeview_24de503bceaa76f7591a,Watson Farms Pastured Meats,watson farms pastured meats,correct,B,farm_or_agricultural_business,Chester,Chester,,"farm-stand, meat, organic",farm or agricultural business,,https://www2.census.gov/geo/docs/reference/codes2020/national_place_by_county2020.txt,2026-07-17,The Census national place-by-county reference places Chester wholly within Chester (45023); the county geography blocker is resolved without changing operation evidence.,Draft only; a curator must apply this decision with its paired entity patch.,,,
georeview_8a18ae3971b8167ca7d3,Wentzky Produce and Greenhouses,wentzky produce and greenhouses,correct,B,farm_or_agricultural_business,Anderson,Anderson,,"farm-stand, nursery, produce",farm or agricultural business,,https://www2.census.gov/geo/docs/reference/codes2020/national_place_by_county2020.txt,2026-07-17,The Census national place-by-county reference places Anderson wholly within Anderson (45007); the county geography blocker is resolved without changing operation evidence.,Draft only; a curator must apply this decision with its paired entity patch.,,,
georeview_8edc344b07f5f2997117,West Farm Corn Maze,west farm corn maze,correct,B,farm_or_agricultural_business,Berkeley,Moncks Corner,,"agritourism, corn-maze",farm or agricultural business,,https://www2.census.gov/geo/docs/reference/codes2020/national_place_by_county2020.txt,2026-07-17,The Census national place-by-county reference places Moncks Corner wholly within Berkeley (45015); the county geography blocker is resolved without changing operation evidence.,Draft only; a curator must apply this decision with its paired entity patch.,,,
georeview_6ac5a7a7eeb283c5cfc5,Whitehall Produce,whitehall produce,correct,B,farm_or_agricultural_business,Anderson,Anderson,,"farm-stand, produce",farm or agricultural business,,https://www2.census.gov/geo/docs/reference/codes2020/national_place_by_county2020.txt,2026-07-17,The Census national place-by-county reference places Anderson wholly within Anderson (45007); the county geography blocker is resolved without changing operation evidence.,Draft only; a curator must apply this decision with its paired entity patch.,,,
georeview_7b67570c192d95a8eada,Whites Jersey Dairy,whites jersey dairy,correct,B,farm_or_agricultural_business,Greenville,Taylors,,"dairy, farm-stand, organic",farm or agricultural business,,https://www2.census.gov/geo/docs/reference/codes2020/national_place_by_county2020.txt,2026-07-17,The Census national place-by-county reference places Taylors wholly within Greenville (45045); the county geography blocker is resolved without changing operation evidence.,Draft only; a curator must apply this decision with its paired entity patch.,,,
georeview_6ae7b203065ccced33b0,Willis Produce & General Store,willis produce and general store,correct,B,farm_or_agricultural_business,Florence,Florence,,"agritourism, produce",farm or agricultural business,,https://www2.census.gov/geo/docs/reference/codes2020/national_place_by_county2020.txt,2026-07-17,The Census national place-by-county reference places Florence wholly within Florence (45041); the county geography blocker is resolved without changing operation evidence.,Draft only; a curator must apply this decision with its paired entity patch.,,,
georeview_0a416643ca534f146d0f,Wompus Woods Haunted Trail,wompus woods haunted trail,correct,B,farm_or_agricultural_business,Spartanburg,Cowpens,,agritourism,farm or agricultural business,,https://www2.census.gov/geo/docs/reference/codes2020/national_place_by_county2020.txt,2026-07-17,The Census national place-by-county reference places Cowpens wholly within Spartanburg (45083); the county geography blocker is resolved without changing operation evidence.,Draft only; a curator must apply this decision with its paired entity patch.,,,
georeview_2d9abaf0784c0f8a3c06,Woods Market Garden,woods market garden,correct,B,farm_or_agricultural_business,Aiken,Aiken,,farm-stand,farm or agricultural business,,https://www2.census.gov/geo/docs/reference/codes2020/national_place_by_county2020.txt,2026-07-17,The Census national place-by-county reference places Aiken wholly within Aiken (45003); the county geography blocker is resolved without changing operation evidence.,Draft only; a curator must apply this decision with its paired entity patch.,,,
