review_id,farm_name,normalized_name,decision,evidence_grade,verified_entity_type,county,city,postal_code,products,business_types,website_url,source_url,retrieved_date,decision_basis,notes
txreview_20260715_001,Agarita Hills Ranch Llc,agarita hills ranch,corroborate,C,farm,Hays,Dripping Springs,78620,Texas native and heirloom plants; nursery crops,Small farm; native-plant grower,https://www.agaritahillsranch.com,https://www.agaritahillsranch.com/,2026-07-15,"Farm-owned site identifies a small woman-owned grower and micro-ranch in the Dripping Springs area, with plants grown on the ranch; the City of Dripping Springs identifies Dripping Springs as Hays County.",County is a safe service-area classification rather than a published street-address assertion.
txreview_20260715_002,Wylie Urban Farm And Market,wylie urban farm and market,corroborate,C,farm,Collin,Wylie,75098,Fresh produce; organic produce,Community urban farm co-op; direct-to-consumer market,https://www.wylieurbanfarmcoop.com,https://www.brandoniker.com/projects/wylie-urban-farm-market,2026-07-15,"The project founder describes the co-op as a community urban farm that transforms unused land into productive growing spaces and grows and distributes fresh organic produce.",The storefront is also a sales channel; the retained entity is the co-op's producing operation.
txreview_20260715_003,Qf Seasoning Company,qf seasoning company,corroborate,C,farm,Henderson,LaRue,75770,Wagyu beef; choice beef; grass-fed and grain-finished cattle,Cattle farm; direct-to-consumer beef,https://www.fcfarmtotable.com,https://www.fcfarmtotable.com/,2026-07-15,"The farm-owned FC Farm to Table site states that the LaRue operation raises cattle and sells Wagyu and choice beef; this resolves the business-name conflict in the GO TEXAN record.",Public-facing name reconciliation with FC Farm to Table remains a future identity-quality improvement.
txreview_20260715_004,Bastrop 1832 Farmers Market,bastrop 1832 farmers market,exclude,F,market,Bastrop,Bastrop,78602,Farmers market; multi-vendor local products,Certified farmers market,https://bastrop1832farmersmarket.com,https://bastrop1832farmersmarket.com/,2026-07-15,"The market-owned site and Texas local-food profile describe a multi-vendor farmers market, not one farm operation.",Excluded from the farm entity set; retain as possible future channel infrastructure.
txreview_20260715_005,Hillsboro Farmers Market,hillsboro farmers market,exclude,F,market,Hill,Hillsboro,76645,Farmers market; multi-vendor local products,Farmers market,,https://texaslocalfood.org/tclf-partner/hillsboro-farmers-market/,2026-07-15,"The current Texas Center for Local Food profile describes a market with approximately ten local farmers and other producers, not one farm operation.",Excluded from the farm entity set; retain as possible future channel infrastructure.
txreview_20260715_006,Etx Legends Coffee Co,etx legends coffee co,exclude,F,processor,Smith,Tyler,75703,Roasted coffee; tea,Coffee roaster,https://www.coffeecityusa.com,https://www.coffeecityusa.com/,2026-07-15,"The business-owned site describes Arabica coffee roasting and tea blending; it does not claim a Texas coffee-growing farm operation.",Excluded as a processor/roaster under the current farm inclusion boundary.
txreview_20260715_007,Cowpuncher Coffee Llc,cowpuncher coffee,exclude,F,processor,Upshur,Gilmer,75644,Roasted coffee,Coffee roaster,https://www.cowpunchercoffee.com,https://cowpunchercoffee.com/pages/about,2026-07-15,"The business-owned site describes small-batch roasting of Arabica beans and identifies foreign origins for products; it does not claim a Texas coffee-growing farm operation.",Excluded as a processor/roaster under the current farm inclusion boundary.
txreview_20260715_008,Hill Country Grains,hill country grains,exclude,F,agricultural_supplier,Mason,Fredonia,76842,Animal feed; deer corn; custom grain mixes,Agricultural supplier; feed processor,https://fredoniapeanut.com,https://business.masontx.org/directory/Details/fredonia-peanut-company-3753952,2026-07-15,"The Mason County Chamber profile identifies Hill Country Grains as a Fredonia Peanut Company subsidiary specializing in cleaned and bagged deer corn, custom mixes, and small grains, not a farm operation.",Excluded as an agricultural supplier/processor under the current farm inclusion boundary.
txreview_20260715_009,Power Pipe And Tank Llc,power pipe and tank,exclude,F,manufacturer,Potter,Amarillo,79110,Fiberglass tanks,Fiberglass manufacturer,https://www.powerpipeandtank.com,https://powerpipeandtank.com/about-us/,2026-07-15,"The company-owned site identifies an Amarillo manufacturing plant producing fiberglass tanks; no farm operation is claimed.",Excluded as a manufacturer; the GO TEXAN Farm And Ranch classification is a source-category false positive.
txreview_20260715_010,Cedar Ridge Farms,cedar ridge farms,corroborate,C,farm,Hopkins,Pickton,75471,Pasture-raised eggs,Egg farm; pasture-raised poultry,,https://www.farmtotabletx.com/our-products/dairy-eggs/,2026-07-15,"A current Texas farm-to-table distributor profile identifies Sam Miller's Cedar Ridge Farms in Pickton as a local family farm producing pasture-raised eggs; the source address was 12575 Farm Road 269 S, not ZIP 12575.",The corrected 75471 ZIP and Hopkins County service area resolve a source-field parsing error.
txreview_20260715_011,Peddling Pelican Bike Rentals,peddling pelican bike rentals,exclude,F,rental_business,Beaufort,Hilton Head Island,29928,Bicycle rentals,Bicycle and vacation-equipment rental,https://peddlingpelican.com,https://www.hiltonheadisland.org/see-do/family-vacation/peddling-pelican-bike-rentals-inc,2026-07-15,"The official Hilton Head Island visitor organization identifies this as a South Carolina bicycle and vacation-equipment rental business.",Excluded as both out of Texas and unrelated to farm production; the Shop Texas Farms record is a directory false positive.
txreview_20260715_012,Steelbow Farm,steelbow farm,exclude,F,farm,Columbia,Ancram,12502,Organic berries; specialty vegetables; U-pick,Farm; U-pick; wholesale,https://www.steelbowfarm.com,https://www.steelbowfarm.com/,2026-07-15,"The farm-owned site says Steelbow moved from Austin to Ancram, New York and publishes its current Ancram address.",Excluded from Texas staging because the operation has relocated to New York; it remains a valid farm for future New York collection.
txreview_20260715_013,Talise Microgreens,talise microgreens,corroborate,C,farm,Collin,Dallas,75252,Hydroponic microgreens,Urban farm; wholesale restaurant delivery,https://www.talisemicrogreens.com,https://www.toogoodtogo.com/en-us/find/dallas/talisemicrogreensllc/groceries/microgreenssurprisebag-48473672925919521,2026-07-15,"The current warehouse-pickup profile publishes 17811 Davenport Road Suite 52, Dallas, TX 75252; the farm-owned site confirms active microgreen production and a matching 214 contact.",Corrects the transposed source ZIP 85252 to 75252; county remains the directory-provided Collin classification.
txreview_20260715_014,Blessed to be a Blessing Farms LLC,blessed to be a blessing farms,exclude,F,farm,Dona Ana,Chaparral,88081,Seasonal produce; chicken eggs; duck eggs,Micro farm; CSA; local delivery,https://www.blessedtobeablessingfarms.org,https://www.blessedtobeablessingfarms.org/,2026-07-15,"The farm-owned site explicitly identifies the operation as a Chaparral, New Mexico micro-farm serving the El Paso and Las Cruces area.",Excluded from Texas staging because service into Texas does not make the farm a Texas entity; retain for future New Mexico collection.
txreview_20260715_015,BS Farms,bs farms,corroborate,C,farm,Erath,Bluff Dale,76433,Fruits; vegetables,Produce farm; farm-to-school vendor,https://bs-farms.square.site/,https://squaremeals.org/Portals/8/files/NSLP/LFS/LFS%20-%20Vendor%20List.pdf?ver=UChR8wxKtL3Mn5UY-WfSNQ%3D%3D,2026-07-15,"The current Texas Farm Fresh vendor list identifies BS Farms at 19519 FM 205 in Bluff Dale with fruits and vegetables and links the farm's Square store; current property sources confirm ZIP 76433 and Erath County.",Corrects the parser error that treated the street number 19519 as a ZIP.
txreview_20260715_016,Eastern Oklahoma State College,eastern oklahoma state college,exclude,F,educational_farm,Latimer,Wilburton,74578,College working farm; cattle; greenhouses; meat processing,Agricultural education institution,https://www.eosc.edu/agriculture,https://www.eosc.edu/news/eastern-oklahoma-state-college-hires-rene-mccracken-as-new-dean-of-agriculture,2026-07-15,"The college-owned source identifies a Wilburton, Oklahoma educational institution with a working farm, not a Texas farm entity.",Excluded from Texas staging because it is an Oklahoma institution; the Texas Center for Local Food record is a state-scope false positive.
txreview_20260715_017,Dresden Specialty Meats,dresden specialty meats,corroborate,C,farm,Navarro,Barry,75102,Beef; bison meat,Cattle and bison farm; direct-market vendor,https://www.dresdenspecialtymeats.com/,https://marketspread.com/vendor/92853/dresden-specialty-meats/,2026-07-15,"The current vendor profile states that the owner raises bison, cattle, poultry, and sheep on the Navarro County farm and sells self-raised beef and bison.",Corrects the parser error that treated the street number 10465 as a ZIP.
txreview_20260715_018,South Tex Organics,south tex organics,corroborate,C,farm,Hidalgo,Mission,78574,Organic grapefruit; oranges; lemons; onions,Certified organic citrus and vegetable farm; wholesale; online sales,https://www.stxorganics.com,https://www.stxorganics.com/our-story/,2026-07-15,"The farm-owned site identifies a 500-acre certified organic citrus and vegetable growing operation; its contact page publishes 6700 N Doffing Road, Mission, TX 78574.",Corrects a source parser error that placed the street address and state text in the city field.
txreview_20260715_019,Lavande,lavande,corroborate,C,farm,Washington,Bellville,77418,Lavender; cut flowers; farm honey,Lavender farm; U-pick; on-farm gift shop,http://www.lavandetexas.com,https://pickyourown.org/lavender-farms/TXhouston-lavender.php,2026-07-15,"The current 2026 PickYourOwn county page identifies Lavande as a Washington County farm at 9665 Loop Road, Bellville, TX 77418 producing lavender, flowers, and farm honey.",Corrects a source parser error that reduced the city field to the state name.
txreview_20260715_020,Howland Insurance & Financial Strategies representing American National Insurance,howland insurance and financial strategies representing american national insurance,exclude,F,insurance_agency,Denton,Denton,76207,Insurance and financial services,Insurance agency,,https://shoptexasfarms.com/business-directory/,2026-07-15,"The current member directory identifies this as a Denton insurance agency and describes insurance services only.",Excluded as a non-farm service business; directory membership is not farm-operation evidence.
txreview_20260715_021,yield management systems – yieldWerx,yield management systems yieldwerx,exclude,F,software_company,Collin,Plano,75024,Manufacturing analytics software,Software company,https://yieldwerx.com,https://yieldwerx.com/wp-content/uploads/2025/01/Company-Profile-yieldWerx-vf.pdf,2026-07-15,"The company-owned profile describes semiconductor and electronics manufacturing analytics software, not agricultural production.",Excluded as a non-farm software company; the word yield caused an agricultural-directory false positive.
txreview_20260715_022,Digital Jedi SEO,digital jedi seo,exclude,F,marketing_agency,Dallas,Dallas,75248,Search-engine optimization; web development,Digital marketing agency,https://www.digitaljediseo.com,https://www.digitaljediseo.com/,2026-07-15,"The company-owned site describes SEO, search marketing, and website-development services only.",Excluded as a non-farm marketing agency.
txreview_20260715_023,Omega Industries,omega industries,exclude,F,painting_contractor,Dallas,Dallas,75237,Commercial painting; construction services,Commercial painting contractor,https://omegaindinc.com,https://omegaindinc.com/,2026-07-15,"The company-owned site identifies a Dallas commercial painting and construction-services contractor.",Excluded as a non-farm contractor.
txreview_20260715_024,The Doan Law Firm Accident & Injury Attorneys,the doan law firm accident and injury attorneys,exclude,F,law_firm,Lubbock,Lubbock,79414,Legal services,Personal-injury law firm,https://www.thedoanlawfirm.com,https://www.thedoanlawfirm.com/areas/lubbock-tx/,2026-07-15,"The firm-owned site identifies the Lubbock operation as a personal-injury legal practice.",Excluded as a non-farm professional service business.
txreview_20260715_025,CodaPet-At Home Pet Euthanasia Austin,codapet at home pet euthanasia austin,exclude,F,veterinary_service,Travis,Austin,78753,In-home pet euthanasia; aftercare,Veterinary end-of-life service,https://www.codapet.com,https://www.codapet.com/cities/austin-tx,2026-07-15,"The company-owned Austin page offers veterinary in-home euthanasia and aftercare services.",Excluded as a non-farm veterinary service.
txreview_20260715_026,Wawi Tijerina Law,wawi tijerina law,exclude,F,law_firm,Webb,Laredo,78040,Legal services,Personal-injury law firm,https://www.wawitijerinalaw.com,https://www.wawitijerinalaw.com/en/,2026-07-15,"The firm-owned site identifies a Laredo personal-injury law practice and publishes its office address.",Excluded as a non-farm professional service business.
txreview_20260715_027,Down To Herbs,down to herbs,exclude,F,body_care_maker,,Bullard,75757,Handmade skin and body care,Body-care maker,https://downtoherbs.org,https://downtoherbs.org/,2026-07-15,"The business-owned site describes handmade skin and body-care formulation and does not claim that the business grows agricultural products.",Excluded from the farm entity set; retain as a possible future local-product maker.
txreview_20260715_028,Artisan Pastries and Breads,artisan pastries and breads,exclude,F,bakery,Atascosa,Jourdanton,78026,Diabetic-friendly baked goods,Cottage-food bakery,,https://shoptexasfarms.com/business-directory/,2026-07-15,"The current member profile identifies a cottage-food bakery that uses ingredients from area farms; it does not claim its own farm operation.",Excluded as a prepared-food business rather than a producing farm.
txreview_20260715_029,Cearbhall Home Slaughter Services LLC,cearbhall home slaughter services,exclude,F,meat_processor,Gonzales,Waelder,78959,Mobile custom slaughter and processing,State-inspected custom meat processor,,https://www.dshs.texas.gov/sites/default/files/meat/files/msa-establishments-by-grant-type-1-30-2026.pdf,2026-07-15,"The current Texas DSHS establishment list classifies Cearbhall as a mobile custom-exempt slaughter and processing establishment in Waelder.",Excluded as a processing service; no livestock-producing farm operation is claimed.
txreview_20260715_030,KH Farm,kh farm,corroborate,C,farm,Atascosa,Poteet,78065,Strawberries; seasonal produce; U-pick,U-pick farm; produce farm,https://khfarmpoteet.com/,https://khfarmpoteet.com/,2026-07-15,"The farm-owned site identifies KH Farm five miles outside Poteet and describes current strawberry and produce cultivation, U-pick sales, and the published Poteet address.",Farm-owned evidence independently corroborates the older discovery listing.
txreview_20260715_031,Four String Farm,four string farm,corroborate,C,farm,Aransas,Rockport,78382,Pastured pork; pastured poultry; eggs; seasonal vegetables and herbs,Direct-market heritage farm,https://fourstringfarm.com/,https://fourstringfarm.com/about/,2026-07-15,"The farm-owned site identifies Four String Farm as a heritage farm in Rockport and describes its pastured livestock, eggs, and seasonal crop production; the site also contains current 2025 farm-authored activity.",Replaces the obsolete .me website value with the current farm-owned .com domain.
txreview_20260715_032,Thomas Family Ranch,thomas family ranch,corroborate,C,farm,Austin,Sealy,77474,Blueberries; quarter horses; U-pick,U-pick farm; ranch,https://www.thomasfamilyranch.com,https://www.thomasfamilyranch.com/,2026-07-15,"The ranch-owned site identifies a family farm in Sealy with pick-your-own blueberries and registered quarter horses and publishes its Sealy address and direct contact.",Farm-owned evidence independently corroborates the older discovery listing.
txreview_20260715_033,Imagine Lavender Farm,imagine lavender farm,corroborate,C,farm,Bandera,Vanderpool,78885,Lavender; lavender-derived products,Lavender farm; farmers-market seller,https://www.imaginelavender.com,https://www.imaginelavender.com/pages/about-us,2026-07-15,"The business-owned current About page describes a three-generation Texas Hill Country operation rooted in lavender farming and identifies ongoing farmers-market sales.",The current business has expanded into a boutique brand; retention is based on its explicit farm-production claim.
txreview_20260715_034,Evergreen Farms Christmas Trees,evergreen farms christmas trees,corroborate,C,farm,Bastrop,Elgin,78621,Christmas trees; pumpkins; seasonal agritourism,Christmas-tree farm; U-pick; agritourism,https://www.evergreenfarms.biz/,https://www.evergreenfarms.biz/,2026-07-15,"The current farm-owned site identifies Evergreen Farms at 242 Monkey Road in Elgin and documents Christmas-tree cultivation, pumpkin activities, and continuing farm operation.",Replaces the compromised evergreen-farms.com domain, which now resolves to unrelated gambling content.
txreview_20260715_035,Armadillo Gardens,armadillo gardens,corroborate,C,farm,Bexar,San Antonio,78209,Seasonal vegetables; CSA shares,Urban market garden; CSA,https://www.armadillogardens.com/,https://www.armadillogardens.com/,2026-07-15,"The farm-owned site identifies Armadillo Gardens as an urban market garden growing food in San Antonio and currently offers community-supported-agriculture shares.",Farm-owned evidence independently corroborates the older discovery listing.
txreview_20260715_036,Froberg Vegetable & Fruit Farm,froberg vegetable and fruit farm,corroborate,C,farm,Brazoria,Alvin,77511,Strawberries; vegetables; fruit; U-pick; seasonal crops,Produce farm; U-pick; farm store; agritourism,https://frobergsfarm.com/,https://frobergsfarm.com/,2026-07-15,"The farm-owned site identifies Froberg's Farm in Alvin, publishes its address, and documents current homegrown fruit and vegetable production, U-pick crops, and a seasonal produce calendar.",Current farm-owned evidence independently corroborates the older discovery listing.
txreview_20260715_037,Gina's Acres,ginas acres,corroborate,C,farm,Brazoria,Damon,77430,Grass-fed beef; pasture-raised pork; eggs,Livestock farm; direct-market farm,https://www.grittyfarmgirl.com/home2,https://www.grittyfarmgirl.com/home2,2026-07-15,"The farm-owned current site identifies Gina's Acres as a Houston-area producing farm and describes its own grass-fed cattle, pastured pigs, chickens, beef, pork, and eggs.",Replaces the unavailable ginasacres.com website value with the farm's current owned site.
txreview_20260715_038,Jolly Farms Chickens,jolly farms chickens,corroborate,C,farm,Brazoria,Alvin,77511,Pasture-raised chicken,Poultry farm; direct-market farm,https://www.jollyfarms.org,https://www.jollyfarms.org/,2026-07-15,"The farm-owned site identifies Jolly Farms as a family-operated Alvin farm, describes raising and pasturing its own chickens, and provides current direct sales and farm contact information.",Farm-owned evidence independently corroborates the older discovery listing.
txreview_20260715_039,Holland Cattle Co.,holland cattle co,corroborate,C,ranch,Burnet,Marble Falls,78654,Pasture-raised grass-fed beef; lamb,Cattle ranch; livestock farm; direct sales,https://www.hollandcattleco.com/,https://www.hollandcattleco.com/,2026-07-15,"The ranch-owned site states that Holland Cattle Co. raises pasture-fed cattle on its own Burnet County ranch and partner ranches and sells pasture-raised beef and lamb.",Farm-owned evidence independently corroborates the older discovery listing.
